id,fname,sample_name,iou,iomin,iomax,dice,true,positive_gt,hausdorff,hausdorff_inv,ssim,msssim,ncomponents,ncomponents_model,ncomponents_diff,ncomponents_abs_diff,recall,precision,f1,dist,robust_hausdorff,dice_at_tolerance,area_abs_diff,area_expert,area_model,out_of_lungs_lr,out_of_lungs_union,y
00018366_000_1,00018366_000,1,0.30341488944131884,0.4687689508793208,0.46241276171485546,0.46559598494353827,True,True,6.782329983125268,8.18535277187245,0.9987412217450602,0.9998856399141867,3,6,-3,3,1.0,0.5,0.6666666666666666,15.540697681904957,41.355289867198366,0.3930142363172223,136,10030,9894,0.0,0.0,
00018366_000_2,00018366_000,2,0.5050347993484378,0.6800598205383849,0.662425949305623,0.6711432506887053,True,True,7.0,6.164414002968976,0.9992409309333208,0.9999369593964965,3,3,0,0,1.0,1.0,1.0,1.082318829455118,3.0364452901377956,0.5909552019248734,267,10030,10297,0.0,0.0,
00018366_000_3,00018366_000,3,0.31157084005015223,0.7538461538461538,0.3468594217347956,0.4751467977604807,True,True,9.219544457292887,4.898979485566356,0.9990777555200631,0.9999107777674726,3,1,2,2,0.3333333333333333,1.0,0.5,1.076102210185448,52.686430890695185,0.23336353906577334,5415,10030,4615,0.0,0.0,
00012414_000_1,00012414_000,1,0.06148321218414676,0.14088836010311323,0.09835952100782169,0.11586198463325657,True,True,4.242640687119285,11.832159566199232,0.9945044861834579,0.9992684197595244,1,2,-1,1,1.0,0.5,0.6666666666666666,14.148439130858637,27.951744131627994,0.08006567257044551,8722,20172,28894,0.008849557522123894,0.0,
00012414_000_2,00012414_000,2,0.0,,0.0,4.957120904178853e-05,False,True,9.055385138137417,0.0,0.9974384654725258,0.999645902447235,1,0,1,1,0.0,,,,inf,0.0,20172,20172,0,0.0,0.0,
00012414_000_3,00012414_000,3,0.0,,0.0,4.957120904178853e-05,False,True,9.055385138137417,0.0,0.9974384654725258,0.999645902447235,1,0,1,1,0.0,,,,inf,0.0,20172,20172,0,0.0,0.0,
00011237_006_1,00011237_006,1,0.15649269311064717,0.6584184505734434,0.17032050324917716,0.27063702053257827,True,True,11.445523142259598,15.748015748023622,0.9819364248741747,0.9972720078752816,1,2,-1,1,1.0,0.5,0.6666666666666666,18.253934228109802,41.78719899682198,0.058467257621870515,114192,39847,154039,0.08278145695364239,0.0380794701986755,3.0
00011237_006_2,00011237_006,2,0.0,,0.0,2.5095362377032725e-05,False,True,17.233687939614086,0.0,0.9948966653286346,0.9992075925475837,1,0,1,1,0.0,,,,inf,0.0,39847,39847,0,0.0,0.0,1.0
00011237_006_3,00011237_006,3,0.3505106492804208,0.7157376966898387,0.40719588806396345,0.5190830663948748,True,True,10.04987562112089,8.366600265340756,0.9933075120470861,0.9990419264505871,1,1,0,0,1.0,1.0,1.0,8.301363600763674,19.675619431164044,0.20340331322811508,30193,39847,70040,0.40875912408759124,0.058394160583941604,5.0
00012829_004_1,00012829_004,1,0.09369561264514117,0.3240208408192598,0.11646002841275992,0.17135732098325615,True,True,6.782329983125268,14.035668847618199,0.9955788120500094,0.9993945218421254,1,1,0,0,1.0,1.0,1.0,8.71626126987222,17.53624817342638,0.09105309349799676,19840,11132,30972,0.0,0.0,
00012829_004_2,00012829_004,2,0.20333086180345633,0.35771623519967893,0.3202479338842975,0.3379781032276411,True,True,6.48074069840786,6.48074069840786,0.9982635690877448,0.9998270217599646,1,1,0,0,1.0,1.0,1.0,2.8180310638593116,6.1000000000000005,0.16721630900725462,1166,11132,9966,0.0,0.0,
00012829_004_3,00012829_004,3,0.25251209527353924,0.48760330578512395,0.34371833839918947,0.4032311977715877,True,True,7.280109889280518,7.280109889280518,0.9979986310384954,0.9997877753487493,1,1,0,0,1.0,1.0,1.0,3.711811737538382,6.060528029800704,0.18404785738663007,4660,11132,15792,0.0,0.0,
00011502_001_1,00011502_001,1,,,,1.0,True,False,0.0,0.0,1.0,1.0,0,0,0,0,,,,,inf,,0,0,0,0.0,0.0,5.0
00011502_001_2,00011502_001,2,0.0,,0.0,6.409229290177856e-06,False,False,0.0,19.849433241279208,0.9799030160970332,0.9965691858153212,0,1,-1,1,,0.0,,inf,inf,0.0,156024,0,156024,0.3436988543371522,0.054009819967266774,1.0
00011502_001_3,00011502_001,3,0.0,,0.0,7.114298316757018e-06,False,False,0.0,19.157244060668017,0.9819010012313443,0.9969376473208199,0,1,-1,1,,0.0,,inf,inf,0.0,140561,0,140561,0.33756805807622503,0.018148820326678767,1.0
00018980_002_1,00018980_002,1,0.0,,0.0,0.0001250625312656328,False,True,10.246950765959598,0.0,0.9989899978541845,0.9998746713415614,1,0,1,1,0.0,,,,inf,0.0,7995,7995,0,0.0,0.0,
00018980_002_2,00018980_002,2,0.15772787318361955,0.37335834896810505,0.21451670858785482,0.272511523892109,True,True,10.246950765959598,10.723805294763608,0.9980020620264285,0.9997762526059725,1,1,0,0,1.0,1.0,1.0,4.603489458234933,8.490583018850943,0.13948615037192896,5920,7995,13915,0.8333333333333334,0.0,
00018980_002_3,00018980_002,3,0.0,0.0,0.0,2.0852448077404288e-05,True,True,9.433981132056603,9.0,0.9938753725384466,0.9990854680712888,1,1,0,0,0.0,0.0,0.0,18.18973368796978,29.041349830887683,0.0,31965,7995,39960,0.4551282051282051,0.16666666666666666,
00010815_006_1,00010815_006,1,0.7152466016987595,0.8580570098894706,0.8112303734587066,0.8339884182207834,True,True,6.48074069840786,12.449899597988733,0.9978213618590797,0.9998040937253453,1,1,0,0,1.0,1.0,1.0,2.7256695155789665,10.100000000000001,0.2642646995349701,3076,53289,56365,0.46153846153846156,0.0,4.0
00010815_006_2,00010815_006,2,0.8182296991665892,0.9911989341139823,0.8242178356869783,0.9000298189563365,True,True,3.872983346207417,11.045361017187261,0.998618698705186,0.9998501603820437,1,2,-1,1,1.0,0.5,0.6666666666666666,2.439086853544015,13.200000000000001,0.6039775740533215,10796,53289,64085,0.3904382470119522,0.0,4.0
00010815_006_3,00010815_006,3,0.7484846778884948,1.0,0.7484846778884948,0.8561539452219455,True,True,6.0,6.6332495807108,0.9984186542801248,0.9998413247605008,1,1,0,0,1.0,1.0,1.0,1.4861224388712173,2.9000000000000004,0.47350809752714373,13403,53289,39886,0.4423076923076923,0.0,5.0
00011925_072_1,00011925_072,1,0.4864231221895558,0.6731381926014366,0.6368435915380555,0.6544891894790635,True,True,11.874342087037917,14.247806848775006,0.9862584630423379,0.9982152425695414,2,2,0,0,1.0,1.0,1.0,3.7595228354951566,17.7341478509682,0.16318124139864765,8783,162894,154111,0.0,0.0,
00011925_072_2,00011925_072,2,0.4915573945054611,0.7934976119439635,0.5636637972387207,0.6591205199268757,True,True,17.175564037317667,15.0996688705415,0.9831995880188243,0.9978950893388296,2,3,-1,1,1.0,0.6666666666666666,0.8,5.061115758227982,11.180339887498949,0.059273886144838445,66420,162894,229314,0.0,0.0,
00011925_072_3,00011925_072,3,0.41206019868430477,0.7119423036130949,0.494505629427726,0.58363129847594,True,True,14.422205101855956,8.18535277187245,0.9854740295520581,0.9979713434277058,2,1,1,1,0.5,1.0,0.6666666666666666,3.4489248223652615,32.1,0.11481423508720069,49750,162894,113144,0.0,0.0,
00002597_000_1,00002597_000,1,,,,1.0,True,False,0.0,0.0,1.0,1.0,0,0,0,0,,,,,inf,,0,0,0,0.0,0.0,5.0
00002597_000_2,00002597_000,2,0.0,,0.0,0.0004948045522018803,False,False,0.0,14.212670403551895,0.999772606818345,0.9999767940576123,0,1,-1,1,,0.0,,inf,inf,0.0,2020,0,2020,0.0,0.0,4.0
00002597_000_3,00002597_000,3,,,,1.0,True,False,0.0,0.0,1.0,1.0,0,0,0,0,,,,,inf,,0,0,0,0.0,0.0,5.0
00000150_002_1,00000150_002,1,0.35141077317698793,1.0,0.35141077317698793,0.5201951748441312,True,True,4.898979485566356,1.7320508075688772,0.9997967940670234,0.9999805904439908,1,1,0,0,1.0,1.0,1.0,1.1386763355270675,1.5,0.35472597598746886,1770,2729,959,0.0,0.0,5.0
00000150_002_2,00000150_002,2,0.3066547906858379,0.8831073653352877,0.3196286472148541,0.46942551119766307,True,True,7.810249675906654,8.306623862918075,0.999340081164864,0.9999312272568858,1,1,0,0,1.0,1.0,1.0,2.9811445134520564,7.068238818828918,0.3934998211643422,4811,2729,7540,0.0,0.0,5.0
00000150_002_3,00000150_002,3,0.06909910366131564,1.0,0.06909910366131564,0.12928666161424782,True,True,7.810249675906654,12.489995996796797,0.9953172698501281,0.9993078257410217,1,1,0,0,1.0,1.0,1.0,9.339545400306307,15.754681843820268,0.0,36765,2729,39494,0.0,0.0,3.0
00017214_015_1,00017214_015,1,0.7526135978906546,0.9276311629847878,0.7995596634259058,0.8588479775215127,True,True,6.164414002968976,7.0710678118654755,0.9971213947071358,0.9997196114782091,2,3,-1,1,1.0,0.6666666666666666,0.8,4.670244127099717,23.8,0.3861158566895111,12667,79081,91748,0.4373259052924791,0.18662952646239556,
00017214_015_2,00017214_015,2,0.7599027891341873,0.8817351658343107,0.8461450917413791,0.8635744752243968,True,True,11.269427669584644,5.0990195135927845,0.9974867680345199,0.9997763649800991,2,1,1,1,0.5,1.0,0.6666666666666666,1.6407721024948867,27.884224930953348,0.3476099627042136,3192,79081,75889,0.47474747474747475,0.2222222222222222,
00017214_015_3,00017214_015,3,0.14646502931069336,0.9939128943758574,0.14659652761093056,0.2555153946179446,True,True,12.806248474865697,4.898979485566356,0.9913932018739768,0.9986911376858403,2,1,1,1,0.5,1.0,0.6666666666666666,2.279383959760457,32.74706093682302,0.16137614323800598,67417,79081,11664,0.0,0.0,
00000181_061_1,00000181_061,1,0.3509488984052996,0.9851270565107397,0.3528182872708176,0.5195611437118369,True,True,12.165525060596439,15.165750888103101,0.9856664195595539,0.9979657368912102,2,3,-1,1,1.0,0.6666666666666666,0.8,8.344343476773458,20.6344372348751,0.07769656934121086,111220,62059,173279,0.21796759941089838,0.036818851251840944,4.0
00000181_061_2,00000181_061,2,0.23715969366697748,1.0,0.23715969366697748,0.3833957298539551,True,True,13.784048752090222,14.730919862656235,0.9745477513748235,0.9963759714089202,2,3,-1,1,1.0,0.6666666666666666,0.8,13.190594310332742,29.435013164597024,0.08936346980515691,199617,62059,261676,0.3840155945419103,0.22807017543859648,4.0
00000181_061_3,00000181_061,3,0.3818947815619911,0.5879542151162791,0.5214553892263813,0.5527156276686592,True,True,13.0,4.47213595499958,0.9934089704030804,0.999082354488379,2,1,1,1,0.5,1.0,0.6666666666666666,3.7734755131314297,39.1,0.17368766484928855,7019,62059,55040,0.413953488372093,0.0,3.0
00006948_002_1,00006948_002,1,0.6330081300813009,0.8321745195985779,0.7256433147263398,0.7752675324130848,True,True,8.12403840463596,9.055385138137417,0.9947229487631322,0.9994440331445813,2,3,-1,1,1.0,0.6666666666666666,0.8,2.8558620951625615,6.356099432828282,0.17565159677895972,13049,88884,101933,0.06766917293233082,0.0,4.0
00006948_002_2,00006948_002,2,0.6708039626595542,0.8139556387761943,0.7922798253903964,0.8029726000843777,True,True,11.269427669584644,7.810249675906654,0.9957652993047099,0.999554182075812,2,2,0,0,0.5,0.5,0.5,4.3003507561034775,35.54729244260384,0.26300873941304526,2367,88884,86517,0.0058997050147492625,0.0,3.0
00006948_002_3,00006948_002,3,0.0984948392933047,0.7591565860215054,0.10167184195130732,0.1793350464832472,True,True,15.716233645501712,4.123105625617661,0.9894316815935109,0.9982926676024442,2,1,1,1,0.5,1.0,0.6666666666666666,0.9840972202422795,59.2854113589507,0.2909006178933785,76980,88884,11904,0.0,0.0,2.0
00008547_001_1,00008547_001,1,0.07071067456820428,0.375288771066086,0.08014412111997153,0.1320846509365118,True,True,18.110770276274835,20.248456731316587,0.966656505882649,0.9949195280346853,6,3,3,3,0.5,1.0,0.6666666666666666,14.941442742926263,31.942761308315223,0.07451237086717596,194482,52810,247292,0.07017543859649122,0.06501547987616099,3.0
00008547_001_2,00008547_001,2,0.06962307635120066,0.7902953586497891,0.0709335353152812,0.13019756389984535,True,True,18.110770276274835,7.681145747868608,0.9937175148497048,0.9992012201706921,6,2,4,4,0.3333333333333333,1.0,0.5,0.7691365617302863,77.96819864534514,0.2140875220764229,48070,52810,4740,0.0,0.0,2.0
00008547_001_3,00008547_001,3,0.21221848989790346,0.6272007042253521,0.2428517326263965,0.3501412795697457,True,True,18.110770276274835,4.58257569495584,0.9940541984129289,0.9992975855766484,6,1,5,5,0.16666666666666666,1.0,0.2857142857142857,2.2161741258112766,70.80713240910127,0.11562425713958302,32362,52810,20448,0.0125,0.0125,2.0
00005089_014_1,00005089_014,1,0.4308187186040363,0.6289077576225396,0.5776661742983752,0.6022111357477211,True,True,6.557438524302,8.54400374531753,0.9984489632320853,0.9998526828981397,2,3,-1,1,1.0,0.6666666666666666,0.8,4.76216154533136,15.766420012165096,0.27774423091719536,1379,15546,16925,0.5303030303030303,0.3787878787878788,4.0
00005089_014_2,00005089_014,2,0.0,0.0,0.0,1.979610016826685e-05,True,True,10.488088481701515,12.489995996796797,0.9935722532783067,0.9991057173442363,2,1,1,1,0.0,0.0,0.0,11.170630865030768,42.800000000000004,0.0,19422,15546,34968,0.0,0.0,1.0
00005089_014_3,00005089_014,3,0.10537517792991256,1.0,0.10537517792991256,0.1906645327054091,True,True,10.488088481701515,16.1245154965971,0.9831272518865258,0.9973132144492203,2,2,0,0,1.0,1.0,1.0,16.027229598589535,41.22377954530613,0.07750626095343197,131984,15546,147530,0.3719723183391003,0.24567474048442905,4.0
00009619_000_1,00009619_000,1,0.7342001975809681,0.9517184093032914,0.7626046924399579,0.8467329720408917,True,True,5.385164807134504,7.681145747868608,0.998884303198085,0.9998998010312435,2,3,-1,1,1.0,0.6666666666666666,0.8,0.8573150069725978,2.3323807579381204,0.6461468620339483,7165,36058,28893,0.0,0.0,5.0
00009619_000_2,00009619_000,2,0.7070433436532507,0.8468625065183383,0.8106938820788729,0.8283860181078821,True,True,7.0,8.48528137423857,0.998630190201055,0.9998704529282102,2,2,0,0,1.0,1.0,1.0,1.2315632108410308,4.925444142409901,0.5796608893648117,1540,36058,34518,0.0,0.0,5.0
00009619_000_3,00009619_000,3,0.2978905664418032,0.8955416063093513,0.3086138998280548,0.4590491904712798,True,True,9.539392014169456,3.605551275463989,0.9967315359582614,0.9995845205037078,2,1,1,1,0.5,1.0,0.6666666666666666,1.326381553520346,38.46686886139812,0.30280060033552525,23632,36058,12426,0.0,0.0,2.0
00003391_001_1,00003391_001,1,0.2817579666556562,0.4682209510602646,0.4143529171140768,0.4396506123777618,True,True,10.723805294763608,12.84523257866513,0.994840707202123,0.9993539449040725,2,1,1,1,0.5,1.0,0.6666666666666666,6.454498780800912,21.3,0.18047045643248175,4500,34614,39114,0.013071895424836602,0.006535947712418301,3.0
00003391_001_2,00003391_001,2,0.08170287727539637,0.40197607904316174,0.09300802139037433,0.1510680454903238,True,True,11.575836902790225,11.575836902790225,0.9799729892134943,0.996876743742427,2,1,1,1,1.0,2.0,1.3333333333333333,11.838750465481086,24.200000000000003,0.02967688987918597,114986,34614,149600,0.04778156996587031,0.0,3.0
00003391_001_3,00003391_001,3,0.02533558538536759,0.08233662679840527,0.03530461065827614,0.04942735020504417,True,True,11.74734012447073,14.52583904633395,0.985982713155381,0.9978610968520619,2,1,1,1,0.5,1.0,0.6666666666666666,12.083986789051465,24.800201612083725,0.035646307941721356,46112,34614,80726,0.1962025316455696,0.0,1.0
00017137_016_1,00017137_016,1,0.36404158935179903,0.6023980650805358,0.47917803733216896,0.5337725897891873,True,True,15.84297951775486,11.357816691600547,0.9923304924682256,0.9990671738083099,2,1,1,1,0.5,1.0,0.6666666666666666,3.384881617694387,43.04253709994335,0.14996696268042203,14991,58297,73288,0.3170731707317073,0.05574912891986063,
00017137_016_2,00017137_016,2,0.2977761706743808,0.5650376520232602,0.386334048766757,0.4589059702844087,True,True,15.84297951775486,16.792855623746664,0.9902608344068027,0.9987384350657836,2,2,0,0,1.0,1.0,1.0,4.594143839024847,15.100000000000001,0.2183875679122887,26966,58297,85263,0.47005988023952094,0.023952095808383235,
00017137_016_3,00017137_016,3,0.12380004716411386,0.3692128239875122,0.15700863678804855,0.22032796617976724,True,True,15.84297951775486,11.045361017187261,0.9805477317817372,0.9970240424588418,2,1,1,1,0.5,1.0,0.6666666666666666,14.254129816796246,41.36786192202832,0.12312857783455537,78791,58297,137088,0.0260707635009311,0.0,
00019767_016_1,00019767_016,1,0.31570386560601826,0.5781439076608024,0.41019714030974475,0.4799111454510334,True,True,12.36931687685298,8.06225774829855,0.9966526935478628,0.9995915222391909,2,2,0,0,0.5,0.5,0.5,2.204546224917197,18.15929514050587,0.21960662382127044,8797,30283,21486,0.03571428571428571,0.0,
00019767_016_2,00019767_016,2,0.0,,0.0,3.302073702285035e-05,False,True,14.7648230602334,0.0,0.9961531641709055,0.9994715542460965,2,0,2,2,0.0,,,,inf,0.0,30283,30283,0,0.0,0.0,
00019767_016_3,00019767_016,3,0.0,0.0,0.0,1.723038751141513e-05,True,True,12.609520212918492,10.04987562112089,0.9926216322020823,0.998968978261548,2,1,1,1,0.0,0.0,0.0,14.74994788668302,29.200000000000003,0.0,2530,30283,27753,0.0,0.0,
00019124_090_1,00019124_090,1,0.3750949249487001,0.7870291894090925,0.41746839540362174,0.5455602946878635,True,True,13.2664991614216,10.535653752852738,0.9953145586467732,0.9994949446477821,7,7,0,0,0.8571428571428571,0.8571428571428571,0.8571428571428571,1.3877175707317462,6.512296062065975,0.4945992089142182,26112,55609,29497,0.0,0.0,
00019124_090_2,00019124_090,2,0.4906009953478308,0.6642679264630484,0.652358431189196,0.6582624158516449,True,True,11.874342087037917,12.884098726725126,0.9955024351295565,0.9994942655619685,7,6,1,1,1.0,1.1666666666666667,1.0769230769230769,1.4722083063838203,6.800000000000001,0.621220245886443,997,55609,54612,0.0,0.0,
00019124_090_3,00019124_090,3,0.08513094417643005,0.6702387411828541,0.0888525238720351,0.15691784954431426,True,True,15.362291495737216,7.3484692283495345,0.993328562075132,0.9991234138638703,7,1,6,6,0.2857142857142857,2.0,0.5,0.7479469029572087,48.300000000000004,0.20628541886405358,48237,55609,7372,0.0,0.0,
00013337_000_1,00013337_000,1,0.3612369963727307,0.601716573353227,0.4747540677887081,0.5307511890025409,True,True,13.038404810405298,11.135528725660043,0.9910002861474618,0.9989930399937237,3,3,0,0,0.6666666666666666,0.6666666666666666,0.6666666666666666,3.837126102704063,27.21212964837556,0.13856559219646827,18103,85796,67693,0.15471698113207547,0.11320754716981132,
00013337_000_2,00013337_000,2,0.3857056712817849,0.7529838220896079,0.44157894736842107,0.5566939684700793,True,True,14.628738838327793,10.723805294763608,0.9870079151580905,0.9982376371822662,3,2,1,1,0.6666666666666666,1.0,0.8,4.8664710955451715,26.900000000000002,0.18976709538730935,60504,85796,146300,0.3769633507853403,0.11518324607329843,
00013337_000_3,00013337_000,3,0.4228212802674864,0.7310713786190498,0.5006984856830392,0.5943440028805882,True,True,16.76305461424021,4.69041575982343,0.9891863208419001,0.9985938305202184,3,1,2,2,0.6666666666666666,2.0,1.0,4.963006998311866,35.4,0.2693219490026658,39475,85796,125271,0.35234215885947046,0.34419551934826886,
00002706_004_1,00002706_004,1,0.0,,0.0,4.083299305839118e-05,False,True,13.674794331177344,0.0,0.9968716890784305,0.9995328266045418,1,0,1,1,0.0,,,,inf,0.0,24489,24489,0,0.0,0.0,1.0
00002706_004_2,00002706_004,2,0.0,0.0,0.0,2.0894274968658587e-05,True,True,13.674794331177344,14.317821063276353,0.993894113968378,0.99910009675451,1,1,0,0,0.0,0.0,0.0,29.291658816231962,37.77194726248569,0.0,1119,24489,23370,0.01098901098901099,0.01098901098901099,1.0
00002706_004_3,00002706_004,3,0.0,,0.0,4.083299305839118e-05,False,True,13.674794331177344,0.0,0.9968716890784305,0.9995328266045418,1,0,1,1,0.0,,,,inf,0.0,24489,24489,0,0.0,0.0,1.0
00010103_014_1,00010103_014,1,0.3293768545994065,0.8762497609153032,0.3454459456680445,0.4955381945298019,True,True,13.114877048604,13.2664991614216,0.9870257651897625,0.998254999582119,2,2,0,0,1.0,1.0,1.0,5.757281452289938,10.270345661174215,0.05515176190559598,88370,57511,145881,0.019230769230769232,0.0017482517482517483,5.0
00010103_014_2,00010103_014,2,0.18835003413977006,0.3549407939350733,0.2863776655443322,0.31699950307472513,True,True,14.866068747318506,9.591663046625438,0.9888266080654989,0.9983527003884145,2,1,1,1,0.5,1.0,0.6666666666666666,8.737327032854807,41.493131961807855,0.15645647085857875,13769,57511,71280,0.46953405017921146,0.053763440860215055,3.0
00010103_014_3,00010103_014,3,0.0,0.0,0.0,1.6810678142756278e-05,True,True,18.110770276274835,6.48074069840786,0.9924408254867667,0.9989438040940176,2,1,1,1,0.0,0.0,0.0,11.019705136516615,54.97026468919356,0.0,55537,57511,1974,0.0,0.0,1.0
00003787_003_1,00003787_003,1,0.3720128403281417,0.9272484812564824,0.3831975996570939,0.5422943053970913,True,True,6.244997998398398,15.0,0.9960593885225325,0.9995121639285052,1,3,-2,2,1.0,0.3333333333333333,0.5,11.334825287778589,30.48967038195067,0.3428997203211716,28746,20247,48993,0.005208333333333333,0.0,3.0
00003787_003_2,00003787_003,2,0.6208659960300105,0.9114436706672594,0.6607232366630863,0.7660965585952094,True,True,10.246950765959598,5.196152422706632,0.9986446993026407,0.9998691001842513,1,1,0,0,1.0,1.0,1.0,2.0722142190265593,4.78539444560216,0.3268431953848848,7683,20247,27930,0.0,0.0,5.0
00003787_003_3,00003787_003,3,0.7044622954956471,0.8272830542796463,0.8259368836291914,0.8266136991709435,True,True,9.1104335791443,1.4142135623730951,0.9991852024298353,0.9999329010692087,1,1,0,0,1.0,1.0,1.0,1.2767986219623115,2.6248809496813377,0.3866849733124461,33,20247,20280,0.0,0.0,5.0
00018063_000_1,00018063_000,1,0.0,,0.0,8.069266584360147e-06,False,False,0.0,19.949937343260004,0.9841297487127773,0.9974780832843534,0,3,-3,3,,0.0,,inf,inf,0.0,123926,0,123926,0.0,0.0,
00018063_000_2,00018063_000,2,,,,1.0,True,False,0.0,0.0,1.0,1.0,0,0,0,0,,,,,inf,,0,0,0,0.0,0.0,
00018063_000_3,00018063_000,3,0.0,,0.0,3.0556743873372856e-05,False,False,0.0,13.674794331177344,0.9958167333197018,0.9993647608510295,0,1,-1,1,,0.0,,inf,inf,0.0,32725,0,32725,0.0,0.0,
00003973_008_1,00003973_008,1,0.2228000039098009,0.6107389743314935,0.2596748652866859,0.3644120973769299,True,True,17.69180601295413,18.083141320025124,0.9797029323828199,0.9968856269529834,1,2,-1,1,1.0,0.5,0.6666666666666666,10.93947022702141,27.0,0.09422016872208609,100914,74644,175558,0.055232558139534885,0.0188953488372093,1.0
00003973_008_2,00003973_008,2,0.3138605353608999,0.9176278025198888,0.3229596484647125,0.4777735938800587,True,True,21.166010488516726,4.69041575982343,0.9933461601246047,0.9990383084917579,1,1,0,0,1.0,1.0,1.0,1.382953065964698,39.5,0.2671798254262239,48373,74644,26271,0.0,0.0,3.0
00003973_008_3,00003973_008,3,0.36595029138737245,0.7228592228592229,0.4256738652805316,0.5358217890237014,True,True,19.82422760159901,7.416198487095663,0.9930595737624717,0.9990417552502519,1,1,0,0,1.0,1.0,1.0,2.390467524272654,35.1,0.2104872752513807,30688,74644,43956,0.0,0.0,3.0
00010447_018_1,00010447_018,1,0.2828258908434822,0.44256422924901184,0.43933157000472944,0.4409468891193896,True,True,15.811388300841896,10.770329614269007,0.9919735995108175,0.9989314877044387,2,3,-1,1,1.0,0.6666666666666666,0.8,6.508753145109417,18.621761463406195,0.11552337289241624,417,56672,57089,0.0,0.0,3.0
00010447_018_2,00010447_018,2,0.4755576649264357,0.8676878975185882,0.5127399774138904,0.6445841928972295,True,True,15.7797338380595,3.4641016151377544,0.9960033939393512,0.9994455799770863,2,1,1,1,0.5,1.0,0.6666666666666666,1.0312693679774683,40.1,0.44428200318722366,23183,56672,33489,0.0,0.0,3.0
00010447_018_3,00010447_018,3,0.3103579137117241,0.4862504645113341,0.46178006775832864,0.47370421655670497,True,True,16.55294535724685,10.488088481701515,0.9926433594152904,0.9989814782300377,2,1,1,1,0.5,1.0,0.6666666666666666,4.995836417654307,32.61977927577071,0.1638600068427274,2852,56672,53820,0.0,0.0,3.0
00003333_002_1,00003333_002,1,0.5134483074184075,0.8577643118233242,0.561232005965426,0.6785162627323149,True,True,8.246211251235321,20.8806130178211,0.9926673210759405,0.9990511473980239,1,3,-2,2,1.0,0.3333333333333333,0.5,14.270806279422573,45.69518574204508,0.15984586503227904,38016,71951,109967,0.0069605568445475635,0.0,3.0
00003333_002_2,00003333_002,2,0.7102062455819369,0.9495212019290906,0.738073116978523,0.8305514357266163,True,True,12.569805089976535,7.874007874011811,0.9965746603434307,0.9996186235074777,1,1,0,0,1.0,1.0,1.0,2.996939942870334,7.605918747922568,0.2914855555623248,20613,71951,92564,0.03038674033149171,0.0,5.0
00003333_002_3,00003333_002,3,0.5799167052290606,0.9579574988533863,0.5950617283950618,0.7341118957088539,True,True,12.84523257866513,8.54400374531753,0.9937308266670197,0.9992258672806418,1,1,0,0,1.0,1.0,1.0,4.958881133076197,10.323274674249445,0.0642190174372452,43879,71951,115830,0.06607929515418502,0.0,5.0
00011827_003_1,00011827_003,1,0.0,,0.0,4.751045229950589e-05,False,False,0.0,14.66287829861518,0.9973466446674667,0.9996598165530026,0,3,-3,3,,0.0,,inf,inf,0.0,21047,0,21047,0.0,0.0,
00011827_003_2,00011827_003,2,0.0,,0.0,4.805612955932529e-05,False,False,0.0,14.2828568570857,0.9973524205551587,0.999620265076784,0,1,-1,1,,0.0,,inf,inf,0.0,20808,0,20808,0.0,0.0,
00011827_003_3,00011827_003,3,0.0,,0.0,1.0174803117559675e-05,False,False,0.0,17.69180601295413,0.9874058486992808,0.9979878130589175,0,1,-1,1,,0.0,,inf,inf,0.0,98281,0,98281,0.18701298701298702,0.12207792207792208,
00013751_003_1,00013751_003,1,0.40305462854394036,0.6718789154513106,0.5018342442165157,0.5745478700608554,True,True,6.6332495807108,9.643650760992955,0.9977007542119695,0.9997939052328155,7,13,-6,6,1.0,0.5384615384615384,0.7000000000000001,2.4891706630453285,8.011242100947893,0.5673451755229586,6761,19953,26714,0.0,0.0,
00013751_003_2,00013751_003,2,0.37422326766637265,0.956798476419586,0.38065519510298484,0.5446389090960959,True,True,8.306623862918075,10.908712114635714,0.9961554603652196,0.9995178955206192,7,7,0,0,1.0,1.0,1.0,1.7686305638078788,6.585590330410783,0.5008453207371216,30200,19953,50153,0.0,0.0,
00013751_003_3,00013751_003,3,0.21316547071714004,0.5990822364448738,0.24863429058286973,0.3514432442004604,True,True,10.295630140987,6.48074069840786,0.9977664337829228,0.999796580768703,7,1,6,6,0.14285714285714285,1.0,0.25,1.0788571515937877,44.47066448795206,0.19758837079743885,11672,19953,8281,0.0,0.0,
00011355_011_1,00011355_011,1,0.4006979141882782,0.63965766085129,0.5175154668742574,0.5721452190062055,True,True,5.385164807134504,11.135528725660043,0.9953196554620567,0.9994912642463017,2,2,0,0,1.0,1.0,1.0,4.015818849515989,12.347064428438042,0.27462321424292196,9321,39493,48814,0.06282722513089005,0.05235602094240838,4.0
00011355_011_2,00011355_011,2,0.17755714509284065,0.9767553743701416,0.17831059093262333,0.30157135597857954,True,True,8.660254037844387,15.033296378372908,0.9771291634016275,0.9967678327467258,2,1,1,1,1.0,2.0,1.3333333333333333,14.734246968700983,34.4139506595799,0.32953373661764174,176843,39493,216336,0.28891509433962265,0.28537735849056606,5.0
00011355_011_3,00011355_011,3,0.1793307571318737,0.9036284911250095,0.18282742898127513,0.304125885746669,True,True,13.152946437965905,16.0,0.9790840795092264,0.9967968629264502,2,1,1,1,1.0,2.0,1.3333333333333333,11.4372985036924,25.712253887981117,0.028611837798789685,155702,39493,195195,0.14248366013071895,0.08104575163398693,3.0
00010277_000_1,00010277_000,1,0.4341812644837281,0.7207649667405766,0.5219831393014853,0.6054779721631098,True,True,10.816653826391969,17.4928556845359,0.9894280030703128,0.9986209055714509,4,6,-2,2,1.0,0.6666666666666666,0.8,7.054007750762022,22.588713996153036,0.12796180133166765,34350,90200,124550,0.2069672131147541,0.0,3.0
00010277_000_2,00010277_000,2,0.7129893536759159,0.9285967737533095,0.7543458980044346,0.8324514451751033,True,True,13.038404810405298,4.58257569495584,0.9967337307420133,0.9996832231416675,4,3,1,1,0.75,1.0,0.8571428571428571,1.4013424748484886,15.515798400340216,0.41275787819778365,16926,90200,73274,0.0,0.0,4.0
00010277_000_3,00010277_000,3,0.38125734547120577,0.8487583148558758,0.409046708199314,0.5520455143620454,True,True,15.033296378372908,19.6468827043885,0.9842461242112309,0.9976406468235914,4,2,2,2,1.0,2.0,1.3333333333333333,5.304562328099924,15.893709447451217,0.2510724100970869,96962,90200,187162,0.21282401091405184,0.0,4.0
00001075_024_1,00001075_024,1,0.47279256512992734,0.8447097962335888,0.517798292092278,0.6420395538899174,True,True,10.908712114635714,9.433981132056603,0.996103746569559,0.9995156356483476,3,2,1,1,0.6666666666666666,1.0,0.8,1.1705138904631218,24.544653185571804,0.4056150427510751,21255,54921,33666,0.20454545454545456,0.0,3.0
00001075_024_2,00001075_024,2,0.3390979546838234,0.7788359788359789,0.375229875639555,0.506463345702981,True,True,11.269427669584644,12.727922061357855,0.9949787010642202,0.9993554996458001,3,2,1,1,0.3333333333333333,0.5,0.4,4.2669902164349995,45.7,0.30799231229893564,28461,54921,26460,0.2524271844660194,0.0,2.0
00001075_024_3,00001075_024,3,0.38587079468700514,0.7741935483870968,0.4348063582236303,0.5568691921135168,True,True,12.409673645990857,5.916079783099616,0.99527061416624,0.9993984223666196,3,1,2,2,0.3333333333333333,1.0,0.5,1.3564108497564697,43.593233419878366,0.16397544367942984,24076,54921,30845,0.375,0.0,3.0
00000808_002_1,00000808_002,1,0.1324628103560386,0.951935914552737,0.13335470856211507,0.2339420784044903,True,True,13.114877048604,21.470910553583888,0.9833102601892362,0.9973956350599739,2,2,0,0,1.0,1.0,1.0,11.225955816033414,24.856588663772833,0.08802656859742797,128734,20972,149706,0.0817717206132879,0.0,2.0
00000808_002_2,00000808_002,2,0.16745024567853228,0.39298158287705326,0.22587259202746518,0.286886486813819,True,True,11.090536506409418,3.1622776601683795,0.9970436867468802,0.9996518661902488,2,1,1,1,0.5,1.0,0.6666666666666666,3.4303195437134892,48.31324870053763,0.12711084634931707,8918,20972,12054,0.0,0.0,3.0
00000808_002_3,00000808_002,3,0.3349849105896131,0.7092313560938394,0.3883145363408521,0.501864129426253,True,True,13.038404810405298,9.9498743710662,0.9962969376921516,0.9995225539142693,2,1,1,1,0.5,1.0,0.6666666666666666,5.258827362836518,37.72757612145259,0.2054269764546102,17332,20972,38304,0.0,0.0,3.0
00009507_004_1,00009507_004,1,0.40225388842320947,0.9692860119906384,0.4074473389846498,0.5737288055183931,True,True,6.324555320336759,15.811388300841896,0.9943751927732668,0.9992579788954123,1,3,-2,2,1.0,0.3333333333333333,0.5,15.946205293815739,41.7937794414432,0.27262566414414496,43010,31191,74201,0.0,0.0,3.0
00009507_004_2,00009507_004,2,0.6660744631546424,0.8293738578436087,0.7718403150733978,0.7995765593126043,True,True,11.180339887498949,6.557438524302,0.9984392786840195,0.9998509291409974,1,1,0,0,1.0,1.0,1.0,2.0243944224520414,4.720169488482378,0.32756672282037913,2325,31191,33516,0.0,0.0,5.0
00009507_004_3,00009507_004,3,0.6779401314620714,0.9787759289538649,0.6880549921117872,0.8080649003467352,True,True,11.40175425099138,4.47213595499958,0.9982507825289069,0.9998286225119645,1,1,0,0,1.0,1.0,1.0,2.221435831139712,5.020956084253277,0.27818928128177667,13179,31191,44370,0.0,0.0,5.0
00014015_003_1,00014015_003,1,0.4378335535006605,0.6341326530612245,0.5858176419296303,0.6090232011171816,True,True,9.746794344808963,12.529964086141668,0.9960410810806641,0.999613148440991,1,2,-1,1,1.0,0.5,0.6666666666666666,8.013144296095918,43.34535730617525,0.05042726818891953,3233,42433,39200,0.0,0.0,
00014015_003_2,00014015_003,2,0.3398667595084404,0.8512007164235382,0.3613345338135254,0.5073177240614071,True,True,14.0,7.3484692283495345,0.9911019317183898,0.998777323321567,1,1,0,0,1.0,1.0,1.0,7.383936430915082,15.33101431738944,0.048192848375870574,57527,42433,99960,0.0,0.0,
00014015_003_3,00014015_003,3,0.4837789948453608,0.7077746093842057,0.6045289855072464,0.6520941442126061,True,True,13.416407864998739,6.324555320336759,0.9960098988696214,0.9995565998734454,1,1,0,0,1.0,1.0,1.0,3.5776232195584967,8.829496021857645,0.22163577213993169,7247,42433,49680,0.0,0.0,
00000344_003_1,00000344_003,1,0.09248941993607189,0.7753516759685368,0.09503616462907252,0.16932161591971717,True,True,13.74772708486752,21.6794833886788,0.9701101470899568,0.9951315473920911,1,4,-3,3,1.0,0.25,0.4,25.87324956260882,50.561843320828416,0.05176958497971545,219329,30639,249968,0.05,0.0,2.0
00000344_003_2,00000344_003,2,0.26110396373215705,0.9737262965501485,0.26295656465942746,0.4140919942260715,True,True,11.958260743101398,14.832396974191326,0.9893066305627384,0.9984117302002555,1,3,-2,2,1.0,0.3333333333333333,0.5,14.685061012264033,44.25980117442916,0.1512702570636542,82817,30639,113456,0.22072072072072071,0.08783783783783784,3.0
00000344_003_3,00000344_003,3,0.003961301135065133,0.009421569959686552,0.006788733313750449,0.007910161807386611,True,True,12.165525060596439,9.9498743710662,0.9933271555089098,0.9990432721667302,1,1,0,0,1.0,1.0,1.0,11.54931327762292,22.332935319836487,0.11258345324761279,8562,30639,22077,0.06976744186046512,0.06976744186046512,1.0
00020000_000_1,00020000_000,1,0.3219114419389357,0.4995515260236115,0.47513863109717436,0.4870423766869136,True,True,13.114877048604,15.748015748023622,0.9890491641879462,0.9985084992983062,2,2,0,0,1.0,1.0,1.0,7.089776593059722,17.8,0.12448148387861502,4239,82502,86741,0.12941176470588237,0.03529411764705882,
00020000_000_2,00020000_000,2,0.4602300559093289,0.6605173207922233,0.6028230713068873,0.6303549430020647,True,True,11.61895003862225,12.922847983320086,0.9919876077770382,0.9989882007756872,2,2,0,0,1.0,1.0,1.0,3.7284197988562076,13.5,0.15913001121354975,7896,82502,90398,0.5536723163841808,0.08192090395480225,
00020000_000_3,00020000_000,3,0.47721884138149057,0.720683893298323,0.5855130784708249,0.6461068273468378,True,True,11.045361017187261,9.433981132056603,0.9933826834726598,0.9991865451739771,2,2,0,0,0.5,0.5,0.5,10.176798388639831,43.36311796907598,0.24398185793210597,15474,82502,67028,0.6106870229007634,0.04198473282442748,
00009437_008_1,00009437_008,1,0.5355229164673238,0.7750657803628306,0.6340668989152293,0.6975168245264207,True,True,10.099504938362077,8.94427190999916,0.9976642303204312,0.9997930719335059,2,3,-1,1,1.0,0.6666666666666666,0.8,2.1856242901880587,5.0,0.3269911168600625,6423,28884,35307,0.0,0.0,5.0
00009437_008_2,00009437_008,2,0.40437903152539295,0.7634648370497427,0.4622974657249688,0.5758921832884097,True,True,14.035668847618199,7.14142842854285,0.9975914044170205,0.9997530623331427,2,2,0,0,1.0,1.0,1.0,2.119678357458864,5.7,0.2068245604478879,11394,28884,17490,0.0,0.0,5.0
00009437_008_3,00009437_008,3,0.26300097827606017,0.5863800027696995,0.32290475101044763,0.4164771260312035,True,True,15.620499351813308,4.123105625617661,0.9940027333567256,0.9992085852911619,2,1,1,1,0.5,1.0,0.6666666666666666,6.146005706949946,60.2,0.06466345042371861,23568,28884,52452,0.01951219512195122,0.01951219512195122,3.0
00012892_010_1,00012892_010,1,0.30556192848480873,0.6685070988096945,0.36012824474660077,0.46810593699008407,True,True,8.366600265340756,7.416198487095663,0.9973867202924555,0.9997014221932407,2,4,-2,2,1.0,0.5,0.6666666666666666,4.812222502163073,24.304114877937852,0.38820986385580475,11942,25888,13946,0.0,0.0,
00012892_010_2,00012892_010,2,0.2780727700367058,0.782177225340818,0.301413782447466,0.43515962637669037,True,True,8.306623862918075,3.0,0.9974736234488906,0.9996538414089684,2,1,1,1,0.5,1.0,0.6666666666666666,0.7969073010901967,34.320984834354626,0.45891167377724795,15912,25888,9976,0.0,0.0,
00012892_010_3,00012892_010,3,0.25577557755775576,0.5687088958116996,0.31732849196538937,0.40737343184410174,True,True,7.483314773547883,4.0,0.9970091189373994,0.9996051141433008,2,1,1,1,0.5,1.0,0.6666666666666666,1.764160424750369,32.9,0.19778061566682575,11443,25888,14445,0.0,0.0,
00014447_004_1,00014447_004,1,0.5751185816256045,0.9589578598193992,0.5896319728051745,0.7302551178524024,True,True,12.36931687685298,12.884098726725126,0.9884643672740924,0.9984755493302924,4,2,2,2,1.0,2.0,1.3333333333333333,3.5587603001721257,11.960351165413163,0.2672335128709731,81573,130232,211805,0.0963855421686747,0.0,
00014447_004_2,00014447_004,2,0.09025479019298126,0.46079943899018233,0.10091221819522084,0.16557167423607744,True,True,18.384776310850235,15.165750888103101,0.9831002842799458,0.9974461601627956,4,1,3,3,0.5,2.0,0.8,2.2975989726471506,35.5078864479428,0.12051618224570677,101712,130232,28520,0.0,0.0,
00014447_004_3,00014447_004,3,0.08185818004566561,0.3319634821962702,0.09800202715154493,0.15133388664927674,True,True,17.944358444926362,14.933184523068078,0.9817381166968951,0.9972306200199123,4,1,3,3,0.5,2.0,0.8,4.078576678151994,42.567240925387686,0.1613995115769377,91785,130232,38447,0.13333333333333333,0.13333333333333333,
00001187_006_1,00001187_006,1,0.1263437998935604,0.38505867760709855,0.15828032222387814,0.22434753606270325,True,True,16.15549442140351,21.400934559032695,0.9822642263879456,0.9974648700627416,2,4,-2,2,0.5,0.25,0.3333333333333333,8.79997908853416,24.900000000000002,0.07681595877763761,75084,52405,127489,0.503006012024048,0.004008016032064128,2.0
00001187_006_2,00001187_006,2,0.0,,0.0,1.9081784528489105e-05,False,True,17.349351572897472,0.0,0.9933250362790701,0.9990370755161535,2,0,2,2,0.0,,,,inf,0.0,52405,52405,0,0.0,0.0,1.0
00001187_006_3,00001187_006,3,0.0,,0.0,1.9081784528489105e-05,False,True,17.349351572897472,0.0,0.9933250362790701,0.9990370755161535,2,0,2,2,0.0,,,,inf,0.0,52405,52405,0,0.0,0.0,1.0
00019495_004_1,00019495_004,1,0.05446806127306841,0.1438290320195223,0.08060171563548962,0.1033328907183641,True,True,9.273618495495704,11.832159566199232,0.9957947681077631,0.9995265097125486,4,5,-1,1,0.25,0.2,0.22222222222222224,18.75254038133797,36.33414372184929,0.08916149719299707,10608,13523,24131,0.30851063829787234,0.0,
00019495_004_2,00019495_004,2,0.0,,0.0,7.394262052647145e-05,False,True,9.273618495495704,0.0,0.9983213768633384,0.9998304696544451,4,0,4,4,0.0,,,,inf,0.0,13523,13523,0,0.0,0.0,
00019495_004_3,00019495_004,3,0.14504394389150807,0.40520325203252033,0.18427863639724912,0.25338009555758867,True,True,9.273618495495704,9.0,0.9982027781108986,0.9998284046143726,4,1,3,3,0.25,1.0,0.4,2.957840707019395,59.03710697518977,0.19734566926067598,7373,13523,6150,0.041666666666666664,0.041666666666666664,
00004808_090_1,00004808_090,1,0.5925642236110286,0.9614920254859787,0.606969013795842,0.7441641784305758,True,True,12.727922061357855,14.966629547095765,0.9835756389710708,0.9977918994781803,2,2,0,0,1.0,1.0,1.0,5.0576602802405946,10.375451797391765,0.11019191978569948,115140,197128,312268,0.0,0.0,4.0
00004808_090_2,00004808_090,2,0.4461463948977698,1.0,0.4461463948977698,0.6170147501858445,True,True,17.916472867168917,19.493588689617926,0.9688254284558375,0.9959972750970837,2,2,0,0,1.0,1.0,1.0,8.961416765930593,15.202960238058905,0.0,244718,197128,441846,0.0,0.0,5.0
00004808_090_3,00004808_090,3,0.35573421718585535,0.7523967411898447,0.40290065338257375,0.5247861666595086,True,True,18.65475810617763,17.029386365926403,0.9816675407720049,0.9971879628636166,2,1,1,1,0.5,1.0,0.6666666666666666,3.5177612989726046,41.7,0.1258944834034928,91568,197128,105560,0.0,0.0,3.0
00017243_010_1,00017243_010,1,0.5205023198697861,0.7763598977052806,0.6123103969908827,0.6846464177006388,True,True,13.152946437965905,12.68857754044952,0.9897745982074428,0.9991095015420114,4,6,-2,2,0.75,0.5,0.6,3.038201548371585,18.962067397834023,0.23694052890473002,31010,146754,115744,0.20088300220750552,0.0,
00017243_010_2,00017243_010,2,0.42098493886072175,0.8268350723045945,0.46169099309047795,0.5925273283777875,True,True,17.97220075561143,8.06225774829855,0.9882708134621006,0.9986395796932223,4,2,2,2,0.5,1.0,0.6666666666666666,1.270070584968639,33.9,0.29791761028901176,64809,146754,81945,0.4143302180685358,0.0,
00017243_010_3,00017243_010,3,0.1078911001946801,0.29339477726574503,0.14576774738678333,0.1947720868405359,True,True,18.601075237738275,10.392304845413264,0.9774624886228104,0.9968953827534033,4,1,3,3,0.25,1.0,0.4,8.021194918544278,69.20260110718382,0.1226817117899112,73842,146754,72912,0.2736842105263158,0.23859649122807017,
00020124_003_1,00020124_003,1,0.4637159837347513,0.7295114968238346,0.5600006868013943,0.6336182612918893,True,True,14.7648230602334,9.899494936611665,0.9954905983718544,0.9994979557270262,8,12,-4,4,1.0,0.6666666666666666,0.8,1.389432675511288,7.300684899377592,0.5841761604043149,13533,58241,44708,0.5371428571428571,0.0,
00020124_003_2,00020124_003,2,0.31336386796032306,0.7941141120516475,0.34107418086887265,0.47719546230712484,True,True,15.652475842498529,15.968719422671311,0.9872980923823212,0.9983552735062898,8,3,5,5,1.0,2.6666666666666665,1.4545454545454546,4.065813445705245,10.100000000000001,0.15019303201114137,77360,58241,135601,0.2297551789077213,0.005649717514124294,
00020124_003_3,00020124_003,3,0.34250439475082783,0.6240440957393981,0.4315516560498618,0.5102519336567937,True,True,15.066519173319364,8.602325267042627,0.9940479618098836,0.9993431863116591,8,2,6,6,0.25,1.0,0.4,2.8558377232069754,45.0,0.12224040304124653,17965,58241,40276,0.5796178343949044,0.0,
00002578_000_1,00002578_000,1,0.6538593554081411,0.7984312450816027,0.7831314182159876,0.7907082138576287,True,True,12.727922061357855,13.19090595827292,0.993959425709024,0.9993367437762265,3,3,0,0,1.0,1.0,1.0,1.7566949045877478,13.515176654413365,0.4202833529703631,2284,116908,119192,0.03854389721627409,0.034261241970021415,4.0
00002578_000_2,00002578_000,2,0.5178153091800599,0.8129897013035892,0.5878332828242221,0.6823177647920285,True,True,13.2664991614216,18.2208671582886,0.9889317606703562,0.9986734020136953,3,2,1,1,0.6666666666666666,1.0,0.8,3.8985502328508077,23.1,0.22030480593321017,44779,116908,161687,0.03470031545741325,0.022082018927444796,3.0
00002578_000_3,00002578_000,3,0.021736939358306735,0.5459915611814345,0.022137065042597596,0.04255686442140914,True,True,22.58317958127243,5.0990195135927845,0.9851196378550292,0.9977500694259702,3,1,2,2,0.3333333333333333,1.0,0.5,1.0937181223968562,78.53846191516612,0.08622563461155672,112168,116908,4740,0.0,0.0,2.0
00003072_028_1,00003072_028,1,0.2291520495025233,0.38116664440335496,0.36491152497425505,0.37286416263483846,True,True,12.409673645990857,16.3707055437449,0.9768436800369503,0.9967836680918006,3,5,-2,2,1.0,0.6,0.7499999999999999,7.398459907633122,22.18152384305461,0.16472204317387487,6336,148573,142237,0.03231597845601436,0.010771992818671455,2.0
00003072_028_2,00003072_028,2,0.37534251238150346,0.704900916258257,0.4453164437683832,0.545818655799104,True,True,15.491933384829668,11.269427669584644,0.9860888104204995,0.9980815238720248,3,2,1,1,0.6666666666666666,1.0,0.8,3.64324613641661,46.53181707176285,0.3055905002560048,54713,148573,93860,0.05434782608695652,0.0,2.0
00003072_028_3,00003072_028,3,0.42678584293021293,0.6444366744366744,0.5582373647971031,0.5982493850847898,True,True,19.05255888325765,1.7320508075688772,0.9859061301444701,0.9983431888759139,3,1,2,2,0.3333333333333333,1.0,0.5,4.498139837686442,62.900000000000006,0.14446958047816516,19873,148573,128700,0.19246031746031747,0.12103174603174603,3.0
00002763_031_1,00002763_031,1,0.5906539041321084,0.8606370670330465,0.6531214201930267,0.7426564644951953,True,True,10.677078252031311,15.459624833740307,0.9918153364115122,0.9990782679020218,3,3,0,0,1.0,1.0,1.0,3.6049547197687333,10.688779163215976,0.19157290661592752,35151,110632,145783,0.22942206654991243,0.008756567425569177,4.0
00002763_031_2,00002763_031,2,0.23932275179704965,0.3863219108084398,0.3861089015836286,0.386218151570496,True,True,22.0,17.578395831246947,0.9827919218315371,0.9974924407306891,3,4,-1,1,1.0,0.75,0.8571428571428571,4.8259537254072375,15.705094714773294,0.2598262251037089,61,110632,110571,0.12009237875288684,0.10161662817551963,4.0
00002763_031_3,00002763_031,3,0.39941867334640924,0.7638929062115843,0.455673338221973,0.5708365839572843,True,True,15.874507866387544,9.219544457292887,0.9838446368925859,0.9977061891144207,3,1,2,2,0.3333333333333333,1.0,0.5,7.870802175113061,16.900000000000002,0.026614376967492095,74832,110632,185464,0.2627235213204952,0.0,2.0
00004911_018_1,00004911_018,1,0.2830767449936335,1.0,0.2830767449936335,0.44127198917456023,True,True,11.357816691600547,3.872983346207417,0.9984693738309035,0.999813572153176,2,1,1,1,0.5,1.0,0.6666666666666666,0.8204557811667963,30.64522801350971,0.42037063252386403,12387,17278,4891,0.0,0.0,4.0
00004911_018_2,00004911_018,2,0.35923360518377834,0.9115520907158043,0.3722074314156731,0.5286019561107915,True,True,11.357816691600547,2.0,0.9985915192736892,0.9998260804490947,2,1,1,1,0.5,1.0,0.6666666666666666,0.5065594788618831,29.666479400158018,0.5739586416207024,10223,17278,7055,0.0,0.0,4.0
00004911_018_3,00004911_018,3,0.3803933844628789,0.7942265795206972,0.42198171084616276,0.5511546165765902,True,True,11.357816691600547,2.23606797749979,0.9985429195374819,0.9998218300270937,2,1,1,1,0.5,1.0,0.6666666666666666,0.6783066596922749,29.16247588940281,0.5209393620754196,8098,17278,9180,0.0,0.0,4.0
00010381_000_1,00010381_000,1,0.17231872070581747,0.34981669605126914,0.25351369988034156,0.2939876059782928,True,True,19.313207915827967,9.9498743710662,0.9924238993258078,0.9989990528626607,2,3,-1,1,1.0,0.6666666666666666,0.8,8.753074274863414,27.253073221198377,0.052353657569962846,13574,49307,35733,0.18571428571428572,0.0,3.0
00010381_000_2,00010381_000,2,0.0,,0.0,2.028068467591466e-05,False,True,22.271057451320086,0.0,0.9937152913664067,0.9990771168039112,2,0,2,2,0.0,,,,inf,0.0,49307,49307,0,0.0,0.0,1.0
00010381_000_3,00010381_000,3,0.22661035453657416,0.7998255825744823,0.2402351364522417,0.36949331984184985,True,True,14.106735979665885,10.04987562112089,0.9828095732842651,0.997421131155891,2,1,1,1,1.0,2.0,1.3333333333333333,10.041778268364038,16.404877323527906,0.03537808291907039,114853,49307,164160,0.4556765163297045,0.09642301710730948,3.0
00008008_027_1,00008008_027,1,0.1105126133405153,0.4861495063469676,0.12512887533580194,0.19903916111374162,True,True,16.673332000533065,9.746794344808963,0.991293763029278,0.9988726762913609,5,5,0,0,0.2,0.2,0.20000000000000004,6.235507331496116,26.792536274119332,0.12897440594766643,51140,68865,17725,0.0,0.0,2.0
00008008_027_2,00008008_027,2,0.1153502565359348,0.21187831264067378,0.2020382447832288,0.20684693624410816,True,True,17.4928556845359,4.58257569495584,0.9858285220766718,0.9980701355428483,5,2,3,3,0.6,1.5,0.857142857142857,4.425154529995305,48.400000000000006,0.39529751192403123,3354,68865,72219,0.0636042402826855,0.0,4.0
00008008_027_3,00008008_027,3,0.13763490439619025,0.9468675654242664,0.1387061642343716,0.2419763406540517,True,True,19.672315572906,3.1622776601683795,0.992470709469875,0.9989871437920643,5,1,4,4,0.2,1.0,0.33333333333333337,0.6519186174746519,56.087075159968904,0.2092149231051885,58777,68865,10088,0.0,0.0,2.0
00008386_000_1,00008386_000,1,0.021516231030426405,0.38406552494415486,0.02228520569962066,0.0421338908716709,True,True,5.477225575051661,19.05255888325765,0.9849863623340567,0.9976020251761534,1,3,-2,2,1.0,0.3333333333333333,0.5,35.73354816846149,62.303129937427705,0.03762490439423798,109012,6715,115727,0.0,0.0,2.0
00008386_000_2,00008386_000,2,0.6856634947192304,0.9764705882352941,0.6971823498139288,0.813535140499969,True,True,4.0,4.0,0.9996702852350644,0.9999684801745126,1,1,0,0,1.0,1.0,1.0,0.8939142652686071,1.6031219541881399,0.5140123365178301,2690,6715,9405,0.0,0.0,5.0
00008386_000_3,00008386_000,3,0.4378257632166791,1.0,0.4378257632166791,0.6090513670256835,True,True,4.358898943540674,4.358898943540674,0.9995551675058836,0.9999556916354947,1,1,0,0,1.0,1.0,1.0,1.0806993746346552,3.4132096331752027,0.47240906670677923,3775,6715,2940,0.0,0.0,4.0
00010060_038_1,00010060_038,1,0.0976993070796242,0.2422352653460504,0.14070101921232997,0.17802587833587924,True,True,9.0,11.0,0.9954021058250968,0.9994377542121541,1,4,-3,3,1.0,0.25,0.4,7.976912708369312,18.431766057543157,0.1266158182069712,11803,16356,28159,0.44545454545454544,0.0,2.0
00010060_038_2,00010060_038,2,0.04922772633282388,0.836940572267058,0.04970443850578051,0.09383921992014121,True,True,9.695359714832659,21.400934559032695,0.9660294803201889,0.9943797974267357,1,2,-1,1,1.0,0.5,0.6666666666666666,22.885316280313848,44.656242564729965,0.06730684480205527,259052,16356,275408,0.02962962962962963,0.0,1.0
00010060_038_3,00010060_038,3,0.0,,0.0,6.113590511707526e-05,False,True,9.695359714832659,0.0,0.9979233355404996,0.9997139643746762,1,0,1,1,0.0,,,,inf,0.0,16356,16356,0,0.0,0.0,1.0
00012592_005_1,00012592_005,1,0.4007671313712473,0.7642276422764228,0.4573092721028887,0.5722154351672424,True,True,11.357816691600547,10.908712114635714,0.9949500464375676,0.9993899219785022,3,3,0,0,1.0,1.0,1.0,5.810851071508711,18.98420396013486,0.32967104014527815,23857,35547,59404,0.0,0.0,
00012592_005_2,00012592_005,2,0.512604564896476,0.7619489689706586,0.6103524427618533,0.6777813923227066,True,True,12.36931687685298,8.48528137423857,0.996841776914295,0.9996695191171302,3,1,2,2,0.6666666666666666,2.0,1.0,2.699888372130094,39.0,0.2373220416102319,8829,35547,44376,0.0,0.0,
00012592_005_3,00012592_005,3,0.045115246885560095,0.30342605156037994,0.050327735111261145,0.08635749445034263,True,True,16.278820596099706,9.38083151964686,0.9952173824236852,0.9993253184060802,3,1,2,2,0.3333333333333333,1.0,0.5,1.991356360178247,60.73170506415904,0.0,29651,35547,5896,0.0,0.0,
00007034_016_1,00007034_016,1,0.007803576969544923,0.016305247475583512,0.01474569293529111,0.015489530073402489,True,True,12.96148139681572,22.360679774997898,0.961435021754943,0.9938757235918059,1,4,-3,3,1.0,0.25,0.4,16.635108065461218,33.084739684634066,0.041496858090823784,15334,144984,160318,0.009554140127388535,0.009554140127388535,1.0
00007034_016_2,00007034_016,2,0.0,,0.0,6.897265234334586e-06,False,True,12.96148139681572,0.0,0.9813735855362427,0.9969821615754338,1,0,1,1,0.0,,,,inf,0.0,144984,144984,0,0.0,0.0,5.0
00007034_016_3,00007034_016,3,0.0,0.0,0.0,6.207632905420505e-06,True,True,12.96148139681572,9.539392014169456,0.9793291998806111,0.9966949767263427,1,1,0,0,0.0,0.0,0.0,26.850000000000005,61.72535945622351,0.0,128877,144984,16107,0.0,0.0,1.0
00011157_001_1,00011157_001,1,0.45564133161240045,0.6366760812604213,0.6157440926742579,0.6260382945619715,True,True,10.770329614269007,11.313708498984761,0.9946267357673607,0.9994535004695314,7,9,-2,2,1.0,0.7777777777777778,0.8750000000000001,2.088004971071737,7.937883848986454,0.4793576522244969,1998,58774,60772,0.0,0.0,4.0
00011157_001_2,00011157_001,2,0.480694705308956,0.6880083029911185,0.6146841985254997,0.6492854849068722,True,True,9.539392014169456,12.609520212918492,0.9947535498586118,0.9994685350996608,7,7,0,0,1.0,1.0,1.0,1.9008971815818136,8.905054744357274,0.47522780866209113,7011,58774,65785,0.0,0.0,5.0
00011157_001_3,00011157_001,3,0.20402704148630904,0.812249903188331,0.21412529349712459,0.338916640859578,True,True,13.892443989449804,3.7416573867739413,0.9938604070932987,0.9992477624042594,7,1,6,6,0.14285714285714285,1.0,0.25,0.8004857751361927,52.800000000000004,0.24254226558864808,43280,58774,15494,0.0,0.0,2.0
00008554_009_1,00008554_009,1,0.21899084318962228,0.7455673183087614,0.23667852172568424,0.3593035993740219,True,True,7.745966692414834,20.518284528683193,0.9896109355585195,0.998544790716366,1,3,-2,2,1.0,0.3333333333333333,0.5,26.358093564227662,56.900000000000006,0.0548275502428625,66211,30794,97005,0.11315789473684211,0.05789473684210526,2.0
00008554_009_2,00008554_009,2,0.315625,0.5282591725214676,0.4395012015327661,0.4798191970220686,True,True,10.954451150103322,10.954451150103322,0.9963141194225816,0.9995572333572119,1,1,0,0,1.0,1.0,1.0,4.334011039452719,7.6000000000000005,0.061599074384611645,5174,30794,25620,0.0,0.0,5.0
00008554_009_3,00008554_009,3,0.19414610712692584,0.3674741832824576,0.2915893630179344,0.32517276554171515,True,True,13.341664064126334,15.0,0.9940398097517859,0.999191976007462,1,1,0,0,1.0,1.0,1.0,7.50058377566888,13.945967159003352,0.05608761430340742,8014,30794,38808,0.0,0.0,5.0
00012174_000_1,00012174_000,1,0.3465231214782636,0.6556869285522828,0.4236045639081831,0.5146959982700277,True,True,18.973665961010276,12.206555615733702,0.9896248784315176,0.9985840182498537,4,7,-3,3,1.0,0.5714285714285714,0.7272727272727273,3.581075099717511,18.0,0.3501554142280439,36792,103946,67154,0.049429657794676805,0.030418250950570342,
00012174_000_2,00012174_000,2,0.3869404134759181,0.9906874723414081,0.3883529562613608,0.5579781801237019,True,True,14.142135623730951,9.899494936611665,0.9793032046012748,0.9968845544389363,4,2,2,2,1.0,2.0,1.3333333333333333,6.64482708183312,27.400000000000002,0.11245653461458258,161220,103946,265166,0.2897016361886429,0.10105871029836382,
00012174_000_3,00012174_000,3,0.13362645344838023,0.2379286694101509,0.23361168298924442,0.23575412485983485,True,True,22.825424421026653,11.661903789690601,0.9799457431863535,0.9970512882341729,4,1,3,3,1.0,4.0,1.6,7.0549669966176225,43.6,0.15762052539988863,1886,103946,102060,0.085,0.085,
00011269_019_1,00011269_019,1,0.0,0.0,0.0,1.2070588803321825e-05,True,True,8.660254037844387,16.34013463836819,0.9893793325406174,0.9983003226213127,1,2,-1,1,0.0,0.0,0.0,47.5485802090148,64.10000000000001,0.0,76143,3351,79494,0.006430868167202572,0.0,1.0
00011269_019_2,00011269_019,2,0.2119946858986525,1.0,0.2119946858986525,0.3498616838039564,True,True,6.4031242374328485,9.38083151964686,0.9984631029440968,0.9998259676548941,1,2,-1,1,1.0,0.5,0.6666666666666666,31.877826774140352,68.27547143740568,0.1445233649541564,12456,3351,15807,0.09836065573770492,0.09836065573770492,3.0
00011269_019_3,00011269_019,3,0.0,0.0,0.0,1.563232765358762e-05,True,True,8.660254037844387,14.798648586948742,0.9918364147656739,0.9987972954744284,1,2,-1,1,0.0,0.0,0.0,54.632695819207804,73.6514086762772,0.0,57267,3351,60618,0.2320675105485232,0.2320675105485232,1.0
00015792_005_1,00015792_005,1,0.5226803759035008,0.7714986859738587,0.6184151785714286,0.686529139370286,True,True,11.789826122551595,12.489995996796797,0.9953676643023562,0.9995639981567741,16,22,-6,6,0.875,0.6363636363636364,0.7368421052631579,1.4290269519500185,6.041522986797286,0.6604161579479201,14223,71680,57457,0.008888888888888889,0.008888888888888889,
00015792_005_2,00015792_005,2,0.5654363943479624,0.7798967633928572,0.6728005776868455,0.7224027757137965,True,True,11.74734012447073,10.770329614269007,0.9950857223162598,0.9995538716832534,16,13,3,3,0.875,1.0769230769230769,0.9655172413793104,1.0283173992680825,4.494441010848846,0.5343143401000807,11410,71680,83090,0.012307692307692308,0.012307692307692308,
00015792_005_3,00015792_005,3,0.03370131333077117,0.40237341772151897,0.035477120535714286,0.0652171126011205,True,True,13.892443989449804,5.196152422706632,0.9908878943052843,0.9989104461442179,16,1,15,15,0.0625,1.0,0.11764705882352941,1.1885929069980679,46.44502126170253,0.0605712522010067,65360,71680,6320,0.0,0.0,
00002711_000_1,00002711_000,1,0.38735291303931885,0.559083723764903,0.55772939287716,0.5584067871570932,True,True,17.349351572897472,16.492422502470642,0.9764305696313346,0.9966463507023635,3,2,1,1,1.0,1.5,1.2,4.678225141738547,19.080094339389415,0.07295790558327432,510,210024,210534,0.07757575757575758,0.0,5.0
00002711_000_2,00002711_000,2,0.4427863144815029,0.761456438031566,0.5140983887555708,0.6137944364069433,True,True,17.832554500127006,9.848857801796104,0.9828417333555661,0.997548898895016,3,2,1,1,0.6666666666666666,1.0,0.8,2.531350269190616,27.1,0.3371212667420091,68226,210024,141798,0.9442446043165468,0.1510791366906475,3.0
00002711_000_3,00002711_000,3,0.312982700354714,0.7238496969696969,0.3554212851864549,0.47675235510138914,True,True,21.633307652783937,11.874342087037917,0.9791564506595372,0.9969133984654088,3,1,2,2,0.6666666666666666,2.0,1.0,3.5225678802781393,38.818552265637116,0.10113706082344333,106899,210024,103125,0.24257425742574257,0.0,3.0
00016267_000_1,00016267_000,1,,,,1.0,True,False,0.0,0.0,1.0,1.0,0,0,0,0,,,,,inf,,0,0,0,0.0,0.0,
00016267_000_2,00016267_000,2,,,,1.0,True,False,0.0,0.0,1.0,1.0,0,0,0,0,,,,,inf,,0,0,0,0.0,0.0,
00016267_000_3,00016267_000,3,0.0,,0.0,1.968697706467172e-05,False,False,0.0,15.264337522473747,0.9934889360294518,0.9989676605149148,0,1,-1,1,,0.0,,inf,inf,0.0,50794,0,50794,1.0,1.0,
00013911_021_1,00013911_021,1,0.4408213776075127,0.7224971856682583,0.5306717417956833,0.6119044781516991,True,True,13.30413469565007,14.628738838327793,0.9884499794242788,0.9987154716452096,7,15,-8,8,1.0,0.4666666666666667,0.6363636363636364,2.450498328277985,7.5,0.3437801271444083,37248,140292,103044,0.007425742574257425,0.0,
00013911_021_2,00013911_021,2,0.4346896724373664,0.8137933520801788,0.48270036780429393,0.6059720724630548,True,True,16.09347693943108,11.224972160321824,0.9890945203011762,0.9986404498412738,7,3,4,4,0.5714285714285714,1.3333333333333333,0.8,1.760189017963557,14.721752613055282,0.3275730205939095,57078,140292,83214,0.05521472392638037,0.0,
00013911_021_3,00013911_021,3,0.31624761909605753,0.8864297322726884,0.32960243837794856,0.4805300689924323,True,True,18.920887928424502,19.390719429665317,0.9657221696067588,0.9946042241337247,7,1,6,6,1.0,7.0,1.75,6.272997840446352,22.3,0.07179614672915781,237008,140292,377300,0.1068289384719405,0.0,
00010936_016_1,00010936_016,1,0.07777318511105794,0.8095103311633173,0.07922306000454286,0.14432630734373186,True,True,11.489125293076057,20.566963801203133,0.978331082822408,0.9965420945581054,1,2,-1,1,1.0,0.5,0.6666666666666666,18.698762771917888,40.47344808636892,0.19843795715360857,162838,17665,180503,0.15983026874115983,0.0,2.0
00010936_016_2,00010936_016,2,0.7079616782292699,0.8491933201245401,0.8097705802968961,0.8290182642093338,True,True,11.045361017187261,4.898979485566356,0.9992976875043201,0.9999378179008581,1,1,0,0,1.0,1.0,1.0,1.168264877832239,2.6925824035672523,0.5076887273934585,860,17665,18525,0.0,0.0,5.0
00010936_016_3,00010936_016,3,0.0,0.0,0.0,2.007226013649137e-05,True,True,10.770329614269007,3.4641016151377544,0.9936460773760752,0.9990673828753566,1,1,0,0,0.0,0.0,0.0,35.43319201216832,42.416624099520234,0.0,14489,17665,32154,0.007936507936507936,0.0,1.0
00013951_001_1,00013951_001,1,0.1295617529880478,0.4924288310115082,0.14953099135552694,0.2295105092396671,True,True,5.656854249492381,8.306623862918075,0.9993397120764931,0.9999395407101692,1,3,-2,2,1.0,0.3333333333333333,0.5,19.850487050229397,46.69047011971501,0.2875946645263655,3786,1651,5437,0.047619047619047616,0.0,
00013951_001_2,00013951_001,2,0.7613768961493582,0.9539473684210527,0.7904300423985463,0.864569536423841,True,True,4.123105625617661,1.0,0.9999666585518177,0.9999964801755451,1,1,0,0,1.0,1.0,1.0,0.24702725969542738,0.7000000000000001,1.0,283,1651,1368,0.0,0.0,
00013951_001_3,00013951_001,3,0.5058210784313726,1.0,0.5058210784313726,0.6718877135882831,True,True,5.656854249492381,3.872983346207417,0.9998225493631518,0.9999837841244497,1,1,0,0,1.0,1.0,1.0,0.9536971110957843,1.7029386365926402,0.6791940407686509,1613,1651,3264,0.0,0.0,
00012094_040_1,00012094_040,1,0.4167353114230478,0.8063855049363239,0.4630695085274504,0.58830491932637,True,True,14.798648586948742,15.620499351813308,0.982583281010681,0.9979983500244441,4,3,1,1,1.0,1.3333333333333333,1.142857142857143,4.0587581867115725,7.42159012611179,0.14857239766538635,91166,122966,214132,0.0,0.0,
00012094_040_2,00012094_040,2,0.2562167292770926,0.46322427249702797,0.36440967421888976,0.40792072898744663,True,True,16.881943016134134,12.96148139681572,0.983543062943594,0.9979165368051774,4,2,2,2,0.75,1.5,1.0,3.3172917988461097,41.10924470237808,0.21383875621715812,26231,122966,96735,0.0,0.0,
00012094_040_3,00012094_040,3,0.0010537788074977085,0.009282217559921166,0.001187320072215084,0.002112533887062352,True,True,19.183326093250876,11.180339887498949,0.9823344530547374,0.997525822641899,4,1,3,3,0.25,1.0,0.4,3.6517178886200705,42.66450515358171,0.056217230955387734,107237,122966,15729,0.0,0.0,
00002856_009_1,00002856_009,1,0.12702964263952113,0.785722203746813,0.13158822983384386,0.22542788841242664,True,True,7.483314773547883,17.146428199482248,0.9813457468230758,0.9971586080352396,1,5,-4,4,1.0,0.2,0.33333333333333337,32.14875273900893,55.857855311495804,0.043102183503971866,134532,27063,161595,0.16587677725118483,0.15639810426540285,2.0
00002856_009_2,00002856_009,2,0.07231634111481658,0.7011048294719728,0.07461677009351675,0.13488181979740538,True,True,10.535653752852738,20.248456731316587,0.9687231689457556,0.994794392915663,1,2,-1,1,1.0,0.5,0.6666666666666666,31.175622091683966,64.40380423546424,0.06633888505519595,227223,27063,254286,0.2156469408224674,0.18054162487462388,2.0
00002856_009_3,00002856_009,3,0.5272183326650834,0.7612897479290995,0.6316372907659905,0.690435801122824,True,True,10.344080432788601,8.18535277187245,0.9981197915755236,0.9998110512762673,1,1,0,0,1.0,1.0,1.0,2.6946379968255427,5.092150822589606,0.17527115237336713,4609,27063,22454,0.0,0.0,5.0
00000974_002_1,00000974_002,1,0.0,,0.0,3.952412948104818e-05,False,True,14.832396974191326,0.0,0.996774848371226,0.999528251441835,1,0,1,1,0.0,,,,inf,0.0,25300,25300,0,0.0,0.0,1.0
00000974_002_2,00000974_002,2,0.24718859610555832,1.0,0.24718859610555832,0.39639801961583054,True,True,9.643650760992955,9.643650760992955,0.9901612307701934,0.998458892250711,1,1,0,0,1.0,1.0,1.0,10.175287575038396,21.185372312045878,0.24512234407243128,77051,25300,102351,0.47880299251870323,0.3865336658354115,4.0
00000974_002_3,00000974_002,3,0.0,,0.0,3.952412948104818e-05,False,True,14.832396974191326,0.0,0.996774848371226,0.999528251441835,1,0,1,1,0.0,,,,inf,0.0,25300,25300,0,0.0,0.0,1.0
00014280_000_1,00014280_000,1,0.44734875560465265,0.680161043323618,0.5665233402596334,0.6181651860124476,True,True,11.224972160321824,12.449899597988733,0.991573095694678,0.9990633322484181,7,4,3,3,0.42857142857142855,0.75,0.5454545454545454,3.760533167038739,22.299103120977758,0.17913388265286873,16242,80972,97214,0.0,0.0,
00014280_000_2,00014280_000,2,0.46829396411628554,0.7046386405177099,0.5826678376667144,0.6378769669359121,True,True,13.152946437965905,10.44030650891055,0.9919636713865446,0.9990771013162169,7,4,3,3,0.7142857142857143,1.25,0.9090909090909091,3.0920499316247883,22.200000000000003,0.22731684606355093,16950,80972,97922,0.0,0.0,
00014280_000_3,00014280_000,3,0.02250510650714911,0.5919411576590982,0.022859753989033248,0.04403091557669441,True,True,16.61324772583615,2.8284271247461903,0.9898023087042667,0.998534937151644,7,1,6,6,0.14285714285714285,1.0,0.25,0.776151232407896,77.28195132112025,0.10456213375932369,77845,80972,3127,0.0,0.0,
00016589_005_1,00016589_005,1,0.0,,0.0,2.8813461649282546e-05,False,False,0.0,15.362291495737216,0.9955957369826521,0.9994097101563689,0,3,-3,3,,0.0,,inf,inf,0.0,34705,0,34705,0.007352941176470588,0.0,
00016589_005_2,00016589_005,2,,,,1.0,True,False,0.0,0.0,1.0,1.0,0,0,0,0,,,,,inf,,0,0,0,0.0,0.0,
00016589_005_3,00016589_005,3,,,,1.0,True,False,0.0,0.0,1.0,1.0,0,0,0,0,,,,,inf,,0,0,0,0.0,0.0,
00000468_033_1,00000468_033,1,0.13898354237656782,0.6945652173913044,0.14803088803088804,0.2440724356322205,True,True,4.47213595499958,13.856406460551018,0.9970522494210606,0.9996374965815454,1,8,-7,7,1.0,0.125,0.2222222222222222,18.355804512305717,53.70176905838392,0.28254735846260215,20380,5520,25900,0.0,0.0,2.0
00000468_033_2,00000468_033,2,0.45742753623188404,1.0,0.45742753623188404,0.6277653492418593,True,True,4.358898943540674,4.358898943540674,0.9996627656436927,0.9999678977559217,1,1,0,0,1.0,1.0,1.0,1.0155685115037913,1.4317821063276355,0.49312309315917685,2995,5520,2525,0.0,0.0,5.0
00000468_033_3,00000468_033,3,0.8078802687843616,0.9583333333333334,0.8372902817347262,0.8937410254244447,True,True,2.6457513110645907,2.6457513110645907,0.999884568017632,0.9999897516374284,1,1,0,0,1.0,1.0,1.0,0.37723466989855986,0.7000000000000001,1.0,798,5520,6318,0.0,0.0,5.0
00000072_000_1,00000072_000,1,0.0,,0.0,0.000471253534401508,False,False,0.0,7.14142842854285,0.9997386907954656,0.9999765194057679,0,1,-1,1,,0.0,,inf,inf,0.0,2121,0,2121,0.0,0.0,1.0
00000072_000_2,00000072_000,2,,,,1.0,True,False,0.0,0.0,1.0,1.0,0,0,0,0,,,,,inf,,0,0,0,0.0,0.0,5.0
00000072_000_3,00000072_000,3,0.0,,0.0,9.227646027498385e-05,False,False,0.0,11.357816691600547,0.998629919212927,0.9998243786212722,0,1,-1,1,,0.0,,inf,inf,0.0,10836,0,10836,0.38095238095238093,0.0,1.0
00006323_009_1,00006323_009,1,0.0966705696170497,0.8892786193195927,0.0978482871682776,0.17630081813622475,True,True,14.491376746189438,21.447610589527216,0.9656257795164356,0.9942174385568494,2,2,0,0,1.0,1.0,1.0,20.28959950188101,49.825696181789574,0.1553204718201158,260574,32216,292790,0.0,0.0,2.0
00006323_009_2,00006323_009,2,0.16161920123257661,0.41678048174819965,0.20885376969621552,0.2782728535013367,True,True,12.36931687685298,15.620499351813308,0.9911952847353903,0.9988411656187248,2,3,-1,1,1.0,0.6666666666666666,0.8,11.31510628156356,35.6384623686264,0.19371860150480075,32073,32216,64289,0.0,0.0,4.0
00006323_009_3,00006323_009,3,0.0,,0.0,3.103951330043145e-05,False,True,14.491376746189438,0.0,0.9959024915318337,0.9994065858270821,2,0,2,2,0.0,,,,inf,0.0,32216,32216,0,0.0,0.0,1.0
00012270_005_1,00012270_005,1,0.3571984940932104,0.7692200167738328,0.4000727008360596,0.5263988522238163,True,True,5.0990195135927845,7.211102550927978,0.998788882462715,0.9998760786935315,1,2,-1,1,1.0,0.5,0.6666666666666666,7.008497915525235,18.301092863542333,0.1498927914634687,6601,13755,7154,0.0,0.0,
00012270_005_2,00012270_005,2,0.4213067090899117,0.6318907355603094,0.5583424209378408,0.5928598996526437,True,True,6.6332495807108,7.280109889280518,0.9987244999778705,0.9998818665389011,1,2,-1,1,1.0,0.5,0.6666666666666666,6.949610778101802,19.151240168720147,0.2192742517407455,1601,13755,12154,0.0,0.0,
00012270_005_3,00012270_005,3,0.627877002393666,0.8012218045112782,0.7437295528898582,0.7714145679384709,True,True,5.744562646538029,5.744562646538029,0.9992918122106064,0.9999385637356376,1,1,0,0,1.0,1.0,1.0,1.3113227482084173,2.1,0.29123009537095385,987,13755,12768,0.0,0.0,
00013977_005_1,00013977_005,1,0.0,,0.0,2.0900825582610515e-05,False,True,17.233687939614086,0.0,0.9938981362673078,0.9991010468958506,2,0,2,2,0.0,,,,inf,0.0,47844,47844,0,0.0,0.0,
00013977_005_2,00013977_005,2,0.7915445875528463,0.9304056396625447,0.8413594181088537,0.8836461420261222,True,True,5.196152422706632,5.196152422706632,0.9988379664045238,0.9998959519686731,2,2,0,0,1.0,1.0,1.0,0.8876140083321139,1.7000000000000002,0.7712740993635353,4579,47844,43265,0.05917159763313609,0.05325443786982249,
00013977_005_3,00013977_005,3,0.0,0.0,0.0,1.416530915787237e-05,True,True,17.233687939614086,11.180339887498949,0.9909989716177839,0.9987129698175797,2,1,1,1,0.0,0.0,0.0,19.172716368854587,53.68500721803063,0.0,25094,47844,22750,0.8876404494382022,0.8876404494382022,
00000211_041_1,00000211_041,1,0.3917469069574783,0.9284334867552866,0.40394485327582463,0.5629581742556383,True,True,11.135528725660043,16.09347693943108,0.9771247398537126,0.9964208011740798,1,1,0,0,1.0,1.0,1.0,11.36680437936158,31.28338217009152,0.08571194331666841,161362,124276,285638,0.23482142857142857,0.0,3.0
00000211_041_2,00000211_041,2,0.2152854061668607,0.47467733110174126,0.2826214020160209,0.35429798351376107,True,True,19.570385790780925,12.449899597988733,0.9724956933890694,0.9956731793049786,1,2,-1,1,1.0,0.5,0.6666666666666666,11.617430556785083,26.200000000000003,0.07290543836872848,84452,124276,208728,0.16503667481662593,0.16503667481662593,5.0
00000211_041_3,00000211_041,3,0.43487928316601676,0.8435417940712607,0.4730344379467186,0.6061556608546573,True,True,12.609520212918492,9.797958971132712,0.9826510371415612,0.9974488067226368,1,1,0,0,1.0,1.0,1.0,7.997745568029375,11.225417586887358,0.030607722799842856,97340,124276,221616,0.29804372842347526,0.06444188722669736,2.0
00009368_006_1,00009368_006,1,0.2603732175768746,0.7013930852019402,0.2928337651711441,0.4131712620014238,True,True,8.06225774829855,17.97220075561143,0.9845487084514986,0.9977999584015991,3,3,0,0,1.0,1.0,1.0,12.396221309520275,40.01262300824579,0.1494403793175838,85429,61231,146660,0.0,0.0,4.0
00009368_006_2,00009368_006,2,0.40269056356204086,0.9122176675213536,0.4189241892418924,0.5741709668797927,True,True,10.44030650891055,15.491933384829668,0.9895854587957089,0.9985987926963461,3,2,1,1,1.0,1.5,1.2,14.692064865906904,48.818439139325214,0.24732661993863095,72101,61231,133332,0.0,0.0,4.0
00009368_006_3,00009368_006,3,0.12170305890806944,1.0,0.12170305890806944,0.21700832799487507,True,True,10.44030650891055,7.745966692414834,0.9932033836109905,0.9990529676597621,3,1,2,2,0.3333333333333333,1.0,0.5,3.6399023394208063,37.8910279617748,0.0,53779,61231,7452,0.0,0.0,2.0
00016587_069_1,00016587_069,1,0.2767601884895207,0.6657339340763576,0.32142611801882254,0.43354386398381645,True,True,11.789826122551595,11.090536506409418,0.995467870267397,0.9994797609546677,5,4,1,1,0.6,0.75,0.6666666666666665,3.0961432036710033,15.9,0.3291167767640011,22586,43671,21085,0.0,0.0,
00016587_069_2,00016587_069,2,0.27353158307571634,0.5429919168326808,0.35533611052836633,0.4295690451605891,True,True,13.74772708486752,13.45362404707371,0.9921073139850671,0.9990383295271726,5,2,3,3,0.8,2.0,1.142857142857143,3.23030266871865,11.600000000000001,0.16367808761638125,23063,43671,66734,0.0,0.0,
00016587_069_3,00016587_069,3,0.0,0.0,0.0,2.089383840705376e-05,True,True,13.638181696985855,4.47213595499958,0.9939553487757944,0.9992178590522973,5,1,4,4,0.0,0.0,0.0,16.07995754046494,56.00437482911491,0.0,39482,43671,4189,0.0,0.0,
00008814_010_1,00008814_010,1,0.24010184075808735,0.961297356227855,0.24244548929032966,0.38723595801677574,True,True,13.30413469565007,17.86057109949175,0.9929410476516793,0.9989941454818406,1,2,-1,1,1.0,0.5,0.6666666666666666,18.698220548742388,45.624664382327246,0.1584456625900206,54393,18345,72738,0.14736842105263157,0.0035087719298245615,2.0
00008814_010_2,00008814_010,2,0.5124836966648034,0.8995911692559281,0.5435770750988143,0.6776783147866793,True,True,10.535653752852738,13.228756555322953,0.9980973131432938,0.9998063689232526,1,2,-1,1,1.0,0.5,0.6666666666666666,14.5159351795255,44.445022218466725,0.28536416712057244,12015,18345,30360,0.0,0.0,2.0
00008814_010_3,00008814_010,3,0.2133893187393848,0.986208776233306,0.21402798973157777,0.35173070754396024,True,True,15.524174696260024,21.283796653792763,0.9915286759942353,0.9987443015905629,1,1,0,0,1.0,1.0,1.0,16.97892670220405,43.92561894839958,0.2296875393237475,66186,18345,84531,0.256797583081571,0.0,1.0
00013685_000_1,00013685_000,1,0.19626193321428093,0.6713052264168274,0.21712715389185977,0.32813289185700656,True,True,14.866068747318506,16.0312195418814,0.9924477227552158,0.9990324719616743,2,3,-1,1,1.0,0.6666666666666666,0.8,5.510204497936005,8.609297300012354,0.042704435142327815,45546,21774,67320,0.06439393939393939,0.030303030303030304,
00013685_000_2,00013685_000,2,0.33762550087794335,0.9449344758064516,0.3444015798658951,0.5048298609942445,True,True,13.114877048604,1.7320508075688772,0.9981860330697484,0.9998000457055417,2,1,1,1,0.5,1.0,0.6666666666666666,1.5381785262473868,42.432299018554254,0.2763085093666237,13838,21774,7936,0.0,0.0,
00013685_000_3,00013685_000,3,0.2646734637641224,1.0,0.2646734637641224,0.4185852276853802,True,True,12.609520212918492,4.58257569495584,0.9980207990416013,0.9997780468936194,2,1,1,1,0.5,1.0,0.6666666666666666,1.910111976887677,42.18554254718079,0.05649424174347463,16011,21774,5763,0.0,0.0,
00012045_019_1,00012045_019,1,0.0,,0.0,0.0003937007874015748,False,False,0.0,7.416198487095663,0.999685781452161,0.9999701058421948,0,1,-1,1,,0.0,,inf,inf,0.0,2539,0,2539,0.0,0.0,
00012045_019_2,00012045_019,2,,,,1.0,True,False,0.0,0.0,1.0,1.0,0,0,0,0,,,,,inf,,0,0,0,0.0,0.0,
00012045_019_3,00012045_019,3,0.0,,0.0,0.000318775900541919,False,False,0.0,7.483314773547883,0.999611581679784,0.9999617832901221,0,1,-1,1,,0.0,,inf,inf,0.0,3136,0,3136,0.0,0.0,
00002350_001_1,00002350_001,1,0.7636743778242395,0.8699293177627535,0.8621135982945028,0.86600894803258,True,True,5.830951894845301,4.123105625617661,0.9996386346454978,0.9999662074711483,2,2,0,0,1.0,1.0,1.0,0.5402101478305101,1.5811388300841898,0.8899022342791783,118,13134,13016,0.0,0.0,5.0
00002350_001_2,00002350_001,2,0.5425481899388811,0.7039804788775355,0.7029084818029542,0.7034553697283706,True,True,9.219544457292887,5.196152422706632,0.9990777705160264,0.9999118392543695,2,1,1,1,0.5,1.0,0.6666666666666666,1.1365754325495754,55.056698048466366,0.46721180826419706,20,13134,13114,0.0,0.0,3.0
00002350_001_3,00002350_001,3,0.538887593283582,0.7037460027409776,0.6970062589548299,0.7003712683739961,True,True,9.219544457292887,2.0,0.9990615777725638,0.9999091278406003,2,1,1,1,0.5,1.0,0.6666666666666666,1.1563693619237718,55.890696900289235,0.4405696295401823,127,13134,13261,0.0,0.0,3.0
00002980_000_1,00002980_000,1,0.3860406903431013,0.7685519980515952,0.43682383507964906,0.5570439269468396,True,True,13.228756555322953,14.317821063276353,0.9918329442330712,0.9990079812851526,2,5,-3,3,1.0,0.4,0.5714285714285715,4.484396854437438,9.211405973031479,0.18501688605165506,40535,93912,53377,0.004784688995215311,0.0,5.0
00002980_000_2,00002980_000,2,0.5677326801959413,0.8638832098134424,0.623508073503078,0.7242735347944472,True,True,15.264337522473747,11.445523142259598,0.9923069936418442,0.9990888771351589,2,2,0,0,1.0,1.0,1.0,3.924381087660386,8.964373932405989,0.16354545177177224,36205,93912,130117,0.0,0.0,5.0
00002980_000_3,00002980_000,3,0.45329621320647623,0.8928890876565295,0.4793627019425357,0.623819460718125,True,True,17.60681686165901,16.15549442140351,0.9871810962959727,0.9981116690107696,2,1,1,1,1.0,2.0,1.3333333333333333,4.426799091943613,13.0,0.20366249729634853,81014,93912,174926,0.17956204379562044,0.0,5.0
00002583_014_1,00002583_014,1,0.5603231597845602,0.8870005115671006,0.603394942386513,0.7182207290132547,True,True,1.4142135623730951,7.280109889280518,0.9985384507892123,0.9998456853056917,2,3,-1,1,1.0,0.6666666666666666,0.8,3.051570573524752,13.58712625980932,0.5113050004286581,8269,17593,25862,0.19801980198019803,0.19801980198019803,4.0
00002583_014_2,00002583_014,2,0.3306487157911608,0.5284323770491803,0.469050190416643,0.49698885877747667,True,True,7.54983443527075,7.483314773547883,0.9979387261830404,0.9997814364857602,2,2,0,0,1.0,1.0,1.0,2.3378652359477843,6.300000000000001,0.3171780353065746,1977,17593,15616,0.32786885245901637,0.32786885245901637,4.0
00002583_014_3,00002583_014,3,0.1344208435207824,1.0,0.1344208435207824,0.23699098832118753,True,True,11.090536506409418,14.035668847618199,0.9855020462301869,0.9977030569337012,2,1,1,1,1.0,2.0,1.3333333333333333,10.329137510474686,19.0370691021491,0.0,113287,17593,130880,0.3313840155945419,0.22417153996101363,3.0
00003400_003_1,00003400_003,1,0.27952862697033326,0.45633313105800927,0.4190992619370387,0.43692880248735905,True,True,15.459624833740307,13.784048752090222,0.991069582244942,0.9989772650922667,5,6,-1,1,0.8,0.6666666666666666,0.7272727272727272,4.461293734235833,16.388410539158457,0.21883400714976328,5417,66390,60973,0.0,0.0,3.0
00003400_003_2,00003400_003,2,0.07592538618478578,0.7002688172043011,0.07847567404729627,0.14114667280681556,True,True,15.459624833740307,9.055385138137417,0.9920000376956164,0.999010552538061,5,2,3,3,0.2,0.5,0.28571428571428575,5.018440856229409,60.372924394963675,0.10435619934259764,58950,66390,7440,0.0,0.0,2.0
00003400_003_3,00003400_003,3,0.31359121741849905,0.5247212097152549,0.43800271125169454,0.47746061456871003,True,True,15.905973720586866,6.708203932499369,0.9920113536648821,0.9989699977462138,5,1,4,4,0.4,2.0,0.6666666666666667,3.1088076450184907,44.65982534672521,0.1771711501727015,10972,66390,55418,0.0,0.0,2.0
00017028_000_1,00017028_000,1,0.41069027341999104,0.631461061337009,0.5401621223286662,0.5822609856067105,True,True,7.483314773547883,10.099504938362077,0.9968824141802833,0.9997042912192594,6,9,-3,3,0.8333333333333334,0.5555555555555556,0.6666666666666667,6.61094715344038,22.60619384151167,0.37690050450463314,4905,33925,29020,0.05309734513274336,0.0,
00017028_000_2,00017028_000,2,0.6181590279602935,0.9012822402358143,0.6630524352691157,0.7640304847576211,True,True,9.327379053088816,9.273618495495704,0.9978439850267383,0.9998025403175828,6,5,1,1,0.8333333333333334,1.0,0.9090909090909091,1.3417198790213847,27.380467490530545,0.53639868400655,12189,33925,46114,0.0,0.0,
00017028_000_3,00017028_000,3,0.0712898212898213,0.548931623931624,0.07572586588061901,0.13311402372688183,True,True,12.806248474865697,4.58257569495584,0.995814213258027,0.9994980973733916,6,1,5,5,0.16666666666666666,1.0,0.2857142857142857,1.1784717896499994,66.10756386375164,0.11482210596678107,29245,33925,4680,0.0,0.0,
00014251_029_1,00014251_029,1,0.4753023872525462,0.6470833990225445,0.6416311025653051,0.6443471128222639,True,True,16.673332000533065,13.892443989449804,0.9886872452674081,0.9986924035005198,3,3,0,0,1.0,1.0,1.0,3.562334764590391,8.16333265278342,0.12885837885135515,1078,126860,127938,0.011976047904191617,0.0,
00014251_029_2,00014251_029,2,0.35754016345048323,0.8162856692416838,0.3888286028619383,0.5267482908765362,True,True,19.209372712298546,15.937377450509228,0.9763601212898784,0.9966296657898943,3,2,1,1,0.6666666666666666,1.0,0.8,8.062767834998256,17.844046626256052,0.04139952334567011,139463,126860,266323,0.1810344827586207,0.0,
00014251_029_3,00014251_029,3,0.29872842194210325,0.9809317357717169,0.30047325848122663,0.46003316013907297,True,True,19.849433241279208,18.193405398660254,0.9625989805294368,0.9939383170593427,3,1,2,2,1.0,3.0,1.5,10.338381378905314,24.400000000000002,0.060768995982742366,287290,126860,414150,0.17426108374384236,0.0,
00007558_006_1,00007558_006,1,0.2262091336516383,0.9650159371841717,0.22807952373952667,0.3689662346926644,True,True,10.723805294763608,19.924858845171276,0.994643556323102,0.999260248841978,1,3,-2,2,1.0,0.3333333333333333,0.5,23.766866691090772,51.83483384751995,0.29149761709202754,41561,12863,54424,0.0,0.0,3.0
00007558_006_2,00007558_006,2,0.0,0.0,0.0,7.348618459729571e-06,True,True,11.357816691600547,17.378147196982766,0.982508950635811,0.9975257756973779,1,1,0,0,0.0,0.0,0.0,43.48931312025051,61.573046051011644,0.0,110353,12863,123216,0.0,0.0,1.0
00007558_006_3,00007558_006,3,0.0,,0.0,7.77363184079602e-05,False,True,11.357816691600547,0.0,0.99836599355177,0.9997780510151211,1,0,1,1,0.0,,,,inf,0.0,12863,12863,0,0.0,0.0,1.0
00000211_019_1,00000211_019,1,0.5487905993247827,0.9964918346912166,0.5498529294856507,0.7086705942622951,True,True,9.327379053088816,16.15549442140351,0.985676709290595,0.9980745598283475,2,1,1,1,1.0,2.0,1.3333333333333333,6.14525215382332,16.33064603743526,0.05233339834356267,112761,138819,251580,0.13387423935091278,0.0,4.0
00000211_019_2,00000211_019,2,0.47975656032596864,1.0,0.47975656032596864,0.648427154444582,True,True,12.165525060596439,11.874342087037917,0.9808893253703971,0.997185799819129,2,1,1,1,1.0,2.0,1.3333333333333333,7.30545670049128,20.200000000000003,0.0,150534,138819,289353,0.11816578483245149,0.0,4.0
00000211_019_3,00000211_019,3,0.5789074668835376,0.907613511118795,0.615157018982892,0.7333020987323796,True,True,12.165525060596439,7.745966692414834,0.9884924348159528,0.9985912100350357,2,1,1,1,1.0,2.0,1.3333333333333333,4.071757190078322,11.600000000000001,0.05341253169268817,65997,138819,204816,0.16189290161892902,0.0,2.0
00005215_000_1,00005215_000,1,,,,1.0,True,False,0.0,0.0,1.0,1.0,0,0,0,0,,,,,inf,,0,0,0,0.0,0.0,5.0
00005215_000_2,00005215_000,2,0.0,,0.0,0.00029726516052318666,False,False,0.0,7.54983443527075,0.9995828089733485,0.9999578364926462,0,1,-1,1,,0.0,,inf,inf,0.0,3363,0,3363,0.0,0.0,1.0
00005215_000_3,00005215_000,3,,,,1.0,True,False,0.0,0.0,1.0,1.0,0,0,0,0,,,,,inf,,0,0,0,0.0,0.0,5.0
00013673_001_1,00013673_001,1,0.23224852071005916,0.4542424051827159,0.3221374726794237,0.37696703984968294,True,True,5.656854249492381,11.180339887498949,0.9970903942256445,0.9996609435198468,6,6,0,0,0.6666666666666666,0.6666666666666666,0.6666666666666666,4.7846496534763245,16.86297719858507,0.3998315037017029,6520,15899,22419,0.0,0.0,
00013673_001_2,00013673_001,2,0.6196882774026502,0.7677212403295804,0.7626843289177706,0.7652018555667001,True,True,7.483314773547883,7.615773105863909,0.9992034206768401,0.9999291867385504,6,5,1,1,0.8333333333333334,1.0,0.9090909090909091,0.5867755122995525,16.504847772699996,0.7707609921132923,105,15899,16004,0.0,0.0,
00013673_001_3,00013673_001,3,0.20239342634974908,0.6216124661246613,0.2308321278067803,0.3366813428728674,True,True,10.099504938362077,1.0,0.9982453461817623,0.9998345531953287,6,1,5,5,0.16666666666666666,1.0,0.2857142857142857,0.9817219197449821,54.928316923058915,0.23694375541286553,9995,15899,5904,0.0,0.0,
00003894_005_1,00003894_005,1,0.6570019264833276,0.9400691900691901,0.6857233464006424,0.7930016073908769,True,True,3.872983346207417,10.816653826391969,0.9933712038664587,0.9991986395636127,1,1,0,0,1.0,1.0,1.0,3.9078380679745175,10.3,0.13713716493224526,40099,108108,148207,0.0,0.0,5.0
00003894_005_2,00003894_005,2,0.5483262325015216,1.0,0.5483262325015216,0.7082835138844756,True,True,8.717797887081348,8.717797887081348,0.9887448003885502,0.998447487501037,1,1,0,0,1.0,1.0,1.0,6.360896146487146,15.8,0.0,89052,108108,197160,0.0,0.0,5.0
00003894_005_3,00003894_005,3,0.7490574128014431,0.9372294372294372,0.788620797011208,0.8565275646796766,True,True,7.615773105863909,7.615773105863909,0.9958528865670391,0.9995960632292119,1,1,0,0,1.0,1.0,1.0,2.3847695096701576,3.0,0.2009401420175938,20372,108108,128480,0.0,0.0,5.0
00007882_001_1,00007882_001,1,0.37918509196832606,0.9674211986416033,0.3840896898455637,0.5498690808130753,True,True,14.38749456993816,16.97056274847714,0.9662198337396127,0.9949380269556256,3,2,1,1,1.0,1.5,1.2,10.248541614823404,33.83385878081305,0.12141865600670444,254018,167256,421274,0.12106537530266344,0.09745762711864407,4.0
00007882_001_2,00007882_001,2,0.28843761132530416,0.9827031616205099,0.28990944463846646,0.4477331201316257,True,True,16.401219466856727,15.033296378372908,0.9481501237103184,0.9923367966658165,3,3,0,0,1.0,1.0,1.0,12.659561461169893,36.96714757727461,0.06660637544516002,399690,167256,566946,0.23661718398560505,0.14619883040935672,5.0
00007882_001_3,00007882_001,3,0.05776991150442478,0.8135593220338984,0.05854498493327594,0.10923460480888825,True,True,16.492422502470642,14.2828568570857,0.9795755603055637,0.9967457159581371,3,1,2,2,0.3333333333333333,1.0,0.5,2.430018220762237,59.272421917785685,0.024727780750614357,155220,167256,12036,0.0,0.0,2.0
00000830_000_1,00000830_000,1,0.13859700128753583,0.6825526692575169,0.1481465038845727,0.2434798467991975,True,True,6.6332495807108,13.96424004376894,0.997427255707381,0.9997130127135088,1,4,-3,3,1.0,0.25,0.4,12.603470357546195,41.431630428936785,0.10510339462407542,17636,4889,22525,0.056818181818181816,0.056818181818181816,3.0
00000830_000_2,00000830_000,2,0.2953362883021777,0.626917570055226,0.35831190086509235,0.4560398690865814,True,True,6.928203230275509,7.874007874011811,0.999118569819165,0.9999128337799527,1,2,-1,1,1.0,0.5,0.6666666666666666,20.420417316210923,44.177482952291435,0.35369529796592386,3665,4889,8554,0.0,0.0,3.0
00000830_000_3,00000830_000,3,0.10876529477196885,1.0,0.10876529477196885,0.19620786516853933,True,True,9.1104335791443,17.233687939614086,0.9949313031087811,0.999297448799493,1,2,-1,1,1.0,0.5,0.6666666666666666,20.72455660397667,46.90799505414829,0.09518676812617839,40061,4889,44950,0.0,0.0,3.0
00005353_000_1,00005353_000,1,0.7178958545935957,0.8370180403254334,0.8345557292292894,0.8357857303406865,True,True,9.848857801796104,7.874007874011811,0.9949749609926679,0.9995255631052434,2,1,1,1,1.0,2.0,1.3333333333333333,2.31852309771189,6.621933252457322,0.1593354200099971,367,124388,124755,0.0,0.0,5.0
00005353_000_2,00005353_000,2,0.5471171457967123,0.9533556291603692,0.5621654933750504,0.7072739418013085,True,True,11.958260743101398,7.483314773547883,0.9876011433995671,0.9985982359862602,2,1,1,1,1.0,2.0,1.3333333333333333,6.559542826034326,14.993665329064806,0.15887718416372104,86557,124388,210945,0.0,0.0,5.0
00005353_000_3,00005353_000,3,0.572896405291838,0.8821417956514781,0.6203813872720841,0.7284617236285028,True,True,10.723805294763608,7.483314773547883,0.992796840050739,0.999145605033356,2,1,1,1,0.5,1.0,0.6666666666666666,3.2183344237540097,20.796634343085422,0.07707459934249639,36910,124388,87478,0.0,0.0,4.0
00013991_000_1,00013991_000,1,0.5515970515970516,0.8543340380549683,0.6088594244387524,0.7110309641097818,True,True,3.7416573867739413,5.196152422706632,0.9996280735770289,0.9999662243724072,1,2,-1,1,1.0,0.5,0.6666666666666666,10.713356016312673,35.60814513562873,0.5256450812383138,1907,6637,4730,0.0,0.0,
00013991_000_2,00013991_000,2,0.6442438361483207,1.0,0.6442438361483207,0.7836481700118064,True,True,7.0710678118654755,2.8284271247461903,0.9995861972727413,0.9999636830178134,1,1,0,0,1.0,1.0,1.0,1.1838355145105248,2.3345235059857505,0.5502103994464604,3665,6637,10302,0.0,0.0,
00013991_000_3,00013991_000,3,0.6461253894080997,1.0,0.6461253894080997,0.7850384387936132,True,True,7.280109889280518,3.7416573867739413,0.9995885109874464,0.9999622368711675,1,1,0,0,1.0,1.0,1.0,1.1810708216118644,2.360084744241189,0.5276984948087787,3635,6637,10272,0.0,0.0,
00019013_002_1,00019013_002,1,0.13666417830862748,0.37657948868645313,0.1766246295913445,0.2404704463208685,True,True,15.264337522473747,11.916375287812984,0.9856274990945216,0.997983511363742,3,7,-4,4,1.0,0.42857142857142855,0.6,4.542188544648501,16.831518053936787,0.1333076697306592,53935,101577,47642,0.0,0.0,
00019013_002_2,00019013_002,2,0.49214793309991145,0.7216232019646825,0.6074800397727832,0.6596521423073634,True,True,15.427248620541512,11.575836902790225,0.9920544477381827,0.9989257274344093,3,3,0,0,1.0,1.0,1.0,2.2269938221471977,13.600000000000001,0.3326529176214881,16067,101577,85510,0.0,0.0,
00019013_002_3,00019013_002,3,0.02031254604209844,0.8991304347826087,0.020358939523711077,0.03982556460463236,True,True,21.656407827707714,7.0710678118654755,0.9872451299665271,0.9980011874019038,3,1,2,2,0.3333333333333333,1.0,0.5,1.8706605030881596,64.3460177477985,0.07323935119357061,99277,101577,2300,0.0,0.0,
00016429_015_1,00016429_015,1,0.5639019419124724,0.8964915123040089,0.6031732574335372,0.7211484507643909,True,True,12.96148139681572,13.674794331177344,0.990448772101672,0.9988047048162542,5,2,3,3,1.0,2.5,1.4285714285714286,2.8637938017512963,14.7648230602334,0.3644862534897375,54028,111102,165130,0.241112828438949,0.1545595054095827,
00016429_015_2,00016429_015,2,0.4696231273276353,0.7502295188205433,0.5566560035261826,0.639108265603435,True,True,13.92838827718412,9.797958971132712,0.9882652004185829,0.998462803695437,5,3,2,2,1.0,1.6666666666666667,1.25,3.5395048417739328,11.846096403457134,0.3519711824332928,38635,111102,149737,0.25383304940374785,0.19591141396933562,
00016429_015_3,00016429_015,3,0.3218279262483541,0.719383989487138,0.36802965418796335,0.48694531685517844,True,True,17.776388834631177,12.328828005937952,0.978577565135466,0.9971230535637283,5,1,4,4,0.8,4.0,1.3333333333333335,6.7850091569671545,19.691876497683,0.1627061832795639,106068,111102,217170,0.19153936545240893,0.0,
00011450_000_1,00011450_000,1,0.4721451978825309,0.9339137772322799,0.4884649333975285,0.6414430789900027,True,True,12.165525060596439,7.874007874011811,0.9966314434386584,0.9996165738443602,2,2,0,0,0.5,0.5,0.5,3.57997054525283,53.38773267333986,0.1690444079450635,23776,49848,26072,0.0,0.0,4.0
00011450_000_2,00011450_000,2,0.5970941178707947,0.9198699167936247,0.6298547584657358,0.7477286529095867,True,True,12.609520212918492,7.280109889280518,0.9974037286901112,0.9997144831867726,2,1,1,1,0.5,1.0,0.6666666666666666,1.904514304552349,54.0,0.3105794609337345,15716,49848,34132,0.0,0.0,4.0
00011450_000_3,00011450_000,3,0.1872628509805488,0.976465687805894,0.18811186005456587,0.31546457646504744,True,True,12.609520212918492,6.324555320336759,0.9948459000801163,0.999270436826413,2,1,1,1,0.5,1.0,0.6666666666666666,3.789647904091425,53.7492325526607,0.18049526457587775,40245,49848,9603,0.0,0.0,3.0
